Workbook
Name BMI: 總表!#REF!
Name FFM_H: 總表!#REF!
Name FM_H: 總表!#REF!
Name 上次量測: 王律喆!$AE$2:$AE$1048576
Name 上次量測: 王婕菱!$AE$2:$AE$1048576
Name 上次量測: 王薇嘉!$AE$2:$AE$1048576
Name 上次量測: 江宜珊!$AE$2:$AE$1048576
Name 上次量測: 巫少輔!$AE$2:$AE$1048576
Name 上次量測: 李孟恩!$AE$2:$AE$1048576
Name 上次量測: 李祈恩!$AE$2:$AE$1048576
Name 上次量測: 林家嫙!$AE$2:$AE$1048576
Name 上次量測: 林唯均!$AE$2:$AE$1048576
Name 上次量測: 邱少萱!$AE$2:$AE$1048576
Name 上次量測: 邱義睿!$AE$2:$AE$1048576
Name 上次量測: 金怡君!$AE$2:$AE$1048576
Name 上次量測: 洪俊義!$AE$2:$AE$1048576
Name 上次量測: 范羽喬!$AE$2:$AE$1048576
Name 上次量測: 徐彧媐!$AE$2:$AE$1048576
Name 上次量測: 徐晧祐!$AE$2:$AE$1048576
Name 上次量測: 高心怡!$AE$2:$AE$1048576
Name 上次量測: 張芮恩!$AE$2:$AE$1048576
Name 上次量測: 郭依梵!$AE$2:$AE$1048576
Name 上次量測: 陳沛妤!$AE$2:$AE$1048576
Name 上次量測: 陳亮希!$AE$2:$AE$1048576
Name 上次量測: 陳鵬仁!$AE$2:$AE$1048576
Name 上次量測: 黃宇睿!$AE$2:$AE$1048576
Name 上次量測: 黃卓乘!$AE$2:$AE$1048576
Name 上次量測: 黃映瑄!$AE$2:$AE$1048576
Name 上次量測: 劉侑芸!$AE$2:$AE$1048576
Name 上次量測: 潘奎安!$AE$2:$AE$1048576
Name 上次量測: 潘奎恩!$AE$2:$AE$1048576
Name 上次量測: 蔡昇良!$AE$2:$AE$1048576
Name 上次量測: 蔣芷昀!$AE$2:$AE$1048576
Name 上次量測: 鄧鈺臻!$AE$2:$AE$1048576
Name 上次量測: 謝依玲!$AE$2:$AE$1048576
Name 上次量測: 謝宗佑!$AE$2:$AE$1048576
Name 上次量測: 羅嘉翎!$AE$2:$AE$1048576
Name 上次量測: 蘇柏亞!$AE$2:$AE$1048576
Name 上次量測: 黃鈺仁!$AE$2:$AE$1048576
Name 日期: 王律喆!$X$2:$X$1048576
Name 日期: 王婕菱!$X$2:$X$1048576
Name 日期: 王薇嘉!$X$2:$X$1048576
Name 日期: 江宜珊!$X$2:$X$1048576
Name 日期: 巫少輔!$X$2:$X$1048576
Name 日期: 李孟恩!$X$2:$X$1048576
Name 日期: 李祈恩!$X$2:$X$1048576
Name 日期: 林家嫙!$X$2:$X$1048576
Name 日期: 林唯均!$X$2:$X$1048576
Name 日期: 邱少萱!$X$2:$X$1048576
Name 日期: 邱義睿!$X$2:$X$1048576
Name 日期: 金怡君!$X$2:$X$1048576
Name 日期: 洪俊義!$X$2:$X$1048576
Name 日期: 范羽喬!$X$2:$X$1048576
Name 日期: 徐彧媐!$X$2:$X$1048576
Name 日期: 徐晧祐!$X$2:$X$1048576
Name 日期: 高心怡!$X$2:$X$1048576
Name 日期: 張芮恩!$X$2:$X$1048576
Name 日期: 郭依梵!$X$2:$X$1048576
Name 日期: 陳沛妤!$X$2:$X$1048576
Name 日期: 陳亮希!$X$2:$X$1048576

Sheet 比賽時間輸入
A1: 比賽種類 | B1: 比賽日期
A2: 45767 | B2: 亞洲主席盃 | D2: 現役
A3: 45768 | B3: 台南全中運 | D3: 退役
I27: 45396 | J27: 2024塞爾維亞公開賽
I28: 45435 | J28: 越南亞錦賽
A32: 45767 | B32: 亞洲主席盃

Sheet 資料輸入
E1: 姓名 | F1: 日期 | G1: 體重(kg) | H1: 體脂率(%) | I1: 脂肪重(kg) | J1: 去脂重(kg) | K1: 肌肉量 | L1: 身體總水份kg
E2: 黃鈺仁 | F2: 1140204 | G2: 88.9 | H2: 18.4 | I2: 16.4 | J2: 72.5 | K2: 68.8 | L2: 48.7 | N2: {=_xlfn.UNIQUE(E:E)} -> 姓名
E3: 蘇柏亞 | F3: 1120324 | G3: 55.3 | H3: 15.5 | I3: 8.6 | J3: 46.7 | K3: 43.8 | L3: 31.2 | N3: 黃鈺仁
E4: 蘇柏亞 | F4: 1120413 | G4: 55.8 | H4: 14.2 | I4: 7.9 | J4: 47.9 | K4: 44.9 | L4: 32 | N4: 蘇柏亞
E5: 蘇柏亞 | F5: 1120504 | G5: 54.2 | H5: 14.3 | I5: 7.8 | J5: 46.4 | K5: 43.5 | L5: 30.4 | N5: 羅嘉翎
E6: 蘇柏亞 | F6: 1120629 | G6: 54.4 | H6: 14.1 | I6: 7.7 | J6: 46.7 | K6: 43.8 | L6: 30.5 | N6: 邱義睿
E7: 蘇柏亞 | F7: 1120713 | G7: 56.1 | H7: 14.8 | I7: 8.3 | J7: 47.8 | K7: 44.8 | L7: 31.8 | N7: 李孟恩
E8: 蘇柏亞 | F8: 1120720 | G8: 55.6 | H8: 16 | I8: 8.9 | J8: 46.7 | K8: 43.8 | L8: 30.7 | N8: 徐晧祐
E9: 蘇柏亞 | F9: 1120817 | G9: 56.6 | H9: 17 | I9: 9.6 | J9: 47 | K9: 44.1 | L9: 31.3 | N9: 林唯均
E10: 蘇柏亞 | F10: 1120824 | G10: 56.8 | H10: 15.4 | I10: 8.7 | J10: 48.1 | K10: 45.1 | L10: 32.3 | N10: 陳鵬仁
E11: 蘇柏亞 | F11: 1120907 | G11: 56.6 | H11: 16.7 | I11: 9.5 | J11: 47.1 | K11: 44.1 | L11: 31.3 | N11: 陳亮希
E12: 蘇柏亞 | F12: 1121102 | G12: 55.5 | H12: 15.3 | I12: 8.5 | J12: 47 | K12: 44.1 | L12: 31.3 | N12: 洪俊義
E13: 蘇柏亞 | F13: 1121116 | G13: 55.1 | H13: 16 | I13: 8.8 | J13: 46.3 | K13: 43.4 | L13: 30.3 | N13: 潘奎恩
E14: 蘇柏亞 | F14: 1121123 | G14: 55.1 | H14: 16.2 | I14: 8.9 | J14: 46.2 | K14: 43.3 | L14: 30.5 | N14: 黃映瑄
... E41: 羅嘉翎 | F41: 1120717 | G41: 62 | H41: 20.9 | I41: 13 | J41: 49 | K41: 45.9 | L41: 31.8 | N41: 林〇瑋
E42: 羅嘉翎 | F42: 1120719 | G42: 61.1 | H42: 19.7 | I42: 12 | J42: 49.1 | K42: 46 | L42: 31.5 | N42: 0
E43: 羅嘉翎 | F43: 1120720 | G43: 60.3 | H43: 19.7 | I43: 11.9 | J43: 48.4 | K43: 45.3 | L43: 30.9
E44: 羅嘉翎 | F44: 1120724 | G44: 60.7 | H44: 18.8 | I44: 11.4 | J44: 49.3 | K44: 46.2 | L44: 31.6
E45: 羅嘉翎 | F45: 1120726 | G45: 60 | H45: 20.2 | I45: 12.1 | J45: 47.9 | K45: 44.9 | L45: 30.7
E46: 羅嘉翎 | F46: 1120811 | G46: 62.4 | H46: 21.7 | I46: 13.5 | J46: 48.9 | K46: 45.8 | L46: 31.9
E47: 羅嘉翎 | F47: 1120814 | G47: 61.8 | H47: 20.7 | I47: 12.8 | J47: 49 | K47: 45.9 | L47: 31.4
E48: 羅嘉翎 | F48: 1120817 | G48: 61.6 | H48: 20.1 | I48: 12.4 | J48: 49.2 | K48: 46.1 | L48: 31.3
E49: 羅嘉翎 | F49: 1120822 | G49: 60.6 | H49: 20 | I49: 12.1 | J49: 48.5 | K49: 45.4 | L49: 31.2
E50: 羅嘉翎 | F50: 1120911 | G50: 61.2 | H50: 19.2 | I50: 11.8 | J50: 49.4 | K50: 46.2 | L50: 31.9
E51: 羅嘉翎 | F51: 1120913 | G51: 60.1 | H51: 19.9 | I51: 12 | J51: 48.1 | K51: 45.1 | L51: 30.8
E52: 羅嘉翎 | F52: 1120915 | G52: 60.2 | H52: 20.2 | I52: 12.2 | J52: 48 | K52: 45 | L52: 30.7
E53: 羅嘉翎 | F53: 1120918 | G53: 59.5 | H53: 19.3 | I53: 11.5 | J53: 48 | K53: 45 | L53: 30.9
E54: 羅嘉翎 | F54: 1121020 | G54: 58.6 | H54: 19.6 | I54: 11.5 | J54: 47.1 | K54: 44.1 | L54: 29.8
... E364: 林〇瑋 | F364: 1140320 | G364: 64.8 | H364: 27.3 | I364: 17.7 | J364: 47.1 | K364: 44.1 | L364: 33.2

Sheet 總表
A1: 量測日期 | B1: 上次 量測 | C1: 姓名 | D1: 性別 | E1: 體重 | H1: 體脂率 | K1: 脂肪重 | N1: 去脂肪重 | Q1: 肌肉重 | T1: 總水份 | AC1: 減重建議
A2: "選取" | E2: 體重 | F2: 變化 | G2: 區間 | H2: 體脂率 | I2: 變化 | J2: 區間 | K2: 脂肪重 | L2: 變化 | M2: 區間 | N2: 去脂重 | O2: 變化 | P2: 區間 | Q2: 肌肉重 | R2: 變化 | S2: 區間 | T2: 總水份 | U2: 變化 | V2: 變化% | W2: 區間 | AA2: 量測日期 | AB2: 預計過磅時間 | AC2: 姓名 | AD2: 量級 | AE2: 賽事名稱/量級 | AF2: 目前體重 | AG2: 下周體重目標 | AH2: 差距 | AI2: 賽前過磅 | AJ2: 過磅倒數(週) | AK2: 建議減重 (未脫水狀態) | AL2: 脫水後體重 | AM2: 每週減重kg/周 | AN2: 賽前脫水3%(kg) | AO2: 剩餘體重脫水(體重%)
A3: =蘇柏亞!A3 -> 1140204 | B3: =蘇柏亞!B3 -> 33周前 | C3: =蘇柏亞!C3 -> 蘇柏亞 | D3: =蘇柏亞!D3 -> 女 | E3: =蘇柏亞!E3 -> 55.4 | F3: =蘇柏亞!F3 -> -1.1 | G3: =蘇柏亞!G3 -> Q2 | H3: =蘇柏亞!H3 -> 16.9 | ... W3: =蘇柏亞!W3 -> Q1 | AA3: =DATE(MID(A3,1,3)+1911,MID(A3,4,2),MID(A3,6,2)) -> 45692 | AB3: 45767 | AC3: =C3 -> 蘇柏亞 | AD3: 53 | AE3: =LOOKUP(AB3,比賽種類,比賽日期) -> 亞洲主席盃 | AF3: =E3 -> 55.4 | AG3: =AF3-AM3 -> 55.3244 | AH3: =AF3-AD3 -> 2.4 | AI3: =IF(AM3>0.8,"需注意","通過") -> 通過 | AJ3: =(AB3-AA3)/7 -> 10.714286 | AK3: =AL3-AD3 -> 0.81 | AL3: =AF3-AN3 -> 53.81 | AM3: =AK3/AJ3 -> 0.0756 | AN3: =AD3*0.03 -> 1.59 | AO3: =AH3/AF3 -> 0.0433213
A4: =羅嘉翎!A3 -> 1140102 | B4: =羅嘉翎!B3 -> 1周前 | C4: =羅嘉翎!C3 -> 羅嘉翎 | D4: =羅嘉翎!D3 -> 女 | E4: =羅嘉翎!E3 -> 62.2 | F4: =羅嘉翎!F3 -> -2.5 | G4: =羅嘉翎!G3 -> Q2 | H4: =羅嘉翎!H3 -> 21.2 | ... W4: =羅嘉翎!W3 -> Q2 | AA4: =DATE(MID(A4,1,3)+1911,MID(A4,4,2),MID(A4,6,2)) -> 45659 | AB4: 45767 | AC4: =C4 -> 羅嘉翎 | AD4: 62 | AE4: =LOOKUP(AB4,比賽種類,比賽日期) -> 亞洲主席盃 | AF4: =E4 -> 62.2 | AG4: =AF4-AM4 -> 62.307593 | AH4: =AF4-AD4 -> 0.2 | AI4: =IF(AM4>0.8,"需注意","通過") -> 通過 | AJ4: =(AB4-AA4)/7 -> 15.428571 | AK4: =AL4-AD4 -> -1.66 | AL4: =AF4-AN4 -> 60.34 | AM4: =AK4/AJ4 -> -0.10759259 | AN4: =AD4*0.03 -> 1.86 | AO4: =AH4/AF4 -> 0.0032154341
A5: =林唯均!A3 -> 1140307 | B5: =林唯均!B3 -> 4周前 | C5: =林唯均!C3 -> 林唯均 | D5: =林唯均!D3 -> 女 | E5: =林唯均!E3 -> 61.3 | F5: =林唯均!F3 -> -1.5 | G5: =林唯均!G3 -> Q3 | H5: =林唯均!H3 -> 21.7 | ... W5: =林唯均!W3 -> Q3 | AA5: =DATE(MID(A5,1,3)+1911,MID(A5,4,2),MID(A5,6,2)) -> 45723 | AB5: 45767 | AC5: =C5 -> 林唯均 | AD5: 57 | AE5: =LOOKUP(AB5,比賽種類,比賽日期) -> 亞洲主席盃 | AF5: =E5 -> 61.3 | AG5: =AF5-AM5 -> 60.887955 | AH5: =AF5-AD5 -> 4.3 | AI5: =IF(AM5>0.8,"需注意","通過") -> 通過 | AJ5: =(AB5-AA5)/7 -> 6.2857143 | AK5: =AL5-AD5 -> 2.59 | AL5: =AF5-AN5 -> 59.59 | AM5: =AK5/AJ5 -> 0.41204545 | AN5: =AD5*0.03 -> 1.71 | AO5: =AH5/AF5 -> 0.070146819
A6: =黃映瑄!A3 -> 1140307 | B6: =黃映瑄!B3 -> 4周前 | C6: =黃映瑄!C3 -> 黃映瑄 | D6: =黃映瑄!D3 -> 女 | E6: =黃映瑄!E3 -> 48 | F6: =黃映瑄!F3 -> -0.7 | G6: =黃映瑄!G3 -> Q1 | H6: =黃映瑄!H3 -> 13.6 | ... W6: =黃映瑄!W3 -> Q2 | AA6: =DATE(MID(A6,1,3)+1911,MID(A6,4,2),MID(A6,6,2)) -> 45723 | AB6: 45767 | AC6: =C6 -> 黃映瑄 | AD6: 46 | AE6: =LOOKUP(AB6,比賽種類,比賽日期) -> 亞洲主席盃 | AF6: =E6 -> 48 | AG6: =AF6-AM6 -> 47.901364 | AH6: =AF6-AD6 -> 2 | AI6: =IF(AM6>0.8,"需注意","通過") -> 通過 | AJ6: =(AB6-AA6)/7 -> 6.2857143 | AK6: =AL6-AD6 -> 0.62 | AL6: =AF6-AN6 -> 46.62 | AM6: =AK6/AJ6 -> 0.098636364 | AN6: =AD6*0.03 -> 1.38 | AO6: =AH6/AF6 -> 0.041666667
A7: =張芮恩!A3 -> 1140307 | B7: =張芮恩!B3 -> 4周前 | C7: =張芮恩!C3 -> 張芮恩 | D7: =張芮恩!D3 -> 女 | E7: =張芮恩!E3 -> 67 | F7: =張芮恩!F3 -> 0.8 | G7: =張芮恩!G3 -> Q4 | H7: =張芮恩!H3 -> 23.8 | ... W7: =張芮恩!W3 -> Q4 | AA7: =DATE(MID(A7,1,3)+1911,MID(A7,4,2),MID(A7,6,2)) -> 45723 | AB7: 45767 | AC7: =C7 -> 張芮恩 | AD7: 62 | AE7: =LOOKUP(AB7,比賽種類,比賽日期) -> 亞洲主席盃 | AF7: =E7 -> 67 | AG7: =AF7-AM7 -> 66.500455 | AH7: =AF7-AD7 -> 5 | AI7: =IF(AM7>0.8,"需注意","通過") -> 通過 | AJ7: =(AB7-AA7)/7 -> 6.2857143 | AK7: =AL7-AD7 -> 3.14 | AL7: =AF7-AN7 -> 65.14 | AM7: =AK7/AJ7 -> 0.49954545 | AN7: =AD7*0.03 -> 1.86 | AO7: =AH7/AF7 -> 0.074626866
A8: =邱少萱!A3 -> 1140320 | B8: =邱少萱!B3 -> 2周前 | C8: =邱少萱!C3 -> 邱少萱 | D8: =邱少萱!D3 -> 女 | E8: =邱少萱!E3 -> 59.6 | F8: =邱少萱!F3 -> 0.4 | G8: =邱少萱!G3 -> Q2 | H8: =邱少萱!H3 -> 18.1 | ... W8: =邱少萱!W3 -> Q3 | AA8: =DATE(MID(A8,1,3)+1911,MID(A8,4,2),MID(A8,6,2)) -> 45736 | AB8: 45767 | AC8: =C8 -> 邱少萱 | AD8: 67 | AE8: =LOOKUP(AB8,比賽種類,比賽日期) -> 亞洲主席盃 | AF8: =E8 -> 59.6 | AG8: =AF8-AM8 -> 61.724839 | AH8: =AF8-AD8 -> -7.4 | AI8: =IF(AM8>0.8,"需注意","通過") -> 通過 | AJ8: =(AB8-AA8)/7 -> 4.4285714 | AK8: =AL8-AD8 -> -9.41 | AL8: =AF8-AN8 -> 57.59 | AM8: =AK8/AJ8 -> -2.1248387 | AN8: =AD8*0.03 -> 2.01 | AO8: =AH8/AF8 -> -0.12416107
A9: =劉侑芸!A3 -> 1140307 | B9: =劉侑芸!B3 -> 4周前 | C9: =劉侑芸!C3 -> 劉侑芸 | D9: =劉侑芸!D3 -> 女 | E9: =劉侑芸!E3 -> 50.8 | F9: =劉侑芸!F3 -> 0.4 | G9: =劉侑芸!G3 -> Q4 | H9: =劉侑芸!H3 -> 11.7 | ... W9: =劉侑芸!W3 -> Q4 | AA9: =DATE(MID(A9,1,3)+1911,MID(A9,4,2),MID(A9,6,2)) -> 45723 | AB9: 45767 | AC9: =C9 -> 劉侑芸 | AD9: 49 | AE9: =LOOKUP(AB9,比賽種類,比賽日期) -> 亞洲主席盃 | AF9: =E9 -> 50.8 | AG9: =AF9-AM9 -> 50.7475 | AH9: =AF9-AD9 -> 1.8 | AI9: =IF(AM9>0.8,"需注意","通過") -> 通過 | AJ9: =(AB9-AA9)/7 -> 6.2857143 | AK9: =AL9-AD9 -> 0.33 | AL9: =AF9-AN9 -> 49.33 | AM9: =AK9/AJ9 -> 0.0525 | AN9: =AD9*0.03 -> 1.47 | AO9: =AH9/AF9 -> 0.035433071
A10: =江宜珊!A3 -> 1140307 | B10: =江宜珊!B3 -> 4周前 | C10: =江宜珊!C3 -> 江宜珊 | D10: =江宜珊!D3 -> 女 | E10: =江宜珊!E3 -> 55.7 | F10: =江宜珊!F3 -> 0.2 | G10: =江宜珊!G3 -> Q4 | H10: =江宜珊!H3 -> 25.6 | ... W10: =江宜珊!W3 -> Q4 | AA10: =DATE(MID(A10,1,3)+1911,MID(A10,4,2),MID(A10,6,2)) -> 45723 | AB10: 45767 | AC10: =C10 -> 江宜珊 | AD10: 53 | AE10: =LOOKUP(AB10,比賽種類,比賽日期) -> 亞洲主席盃 | AF10: =E10 -> 55.7 | AG10: =AF10-AM10 -> 55.523409 | AH10: =AF10-AD10 -> 2.7 | AI10: =IF(AM10>0.8,"需注意","通過") -> 通過 | AJ10: =(AB10-AA10)/7 -> 6.2857143 | AK10: =AL10-AD10 -> 1.11 | AL10: =AF10-AN10 -> 54.11 | AM10: =AK10/AJ10 -> 0.17659091 | AN10: =AD10*0.03 -> 1.59 | AO10: =AH10/AF10 -> 0.048473968
A11: =金怡君!A3 -> 1140320 | B11: =金怡君!B3 -> 2周前 | C11: =金怡君!C3 -> 金怡君 | D11: =金怡君!D3 -> 女 | E11: =金怡君!E3 -> 76.8 | F11: =金怡君!F3 -> -2.4 | G11: =金怡君!G3 -> Q1 | H11: =金怡君!H3 -> 37.2 | ... W11: =金怡君!W3 -> Q1 | AA11: =DATE(MID(A11,1,3)+1911,MID(A11,4,2),MID(A11,6,2)) -> 45736 | AB11: 45767 | AC11: =C11 -> 金怡君 | AD11: 73+ | AE11: =LOOKUP(AB11,比賽種類,比賽日期) -> 亞洲主席盃 | AF11: =E11 -> 76.8
A12: =范羽喬!A3 -> 1140307 | B12: =范羽喬!B3 -> 4周前 | C12: =范羽喬!C3 -> 范羽喬 | D12: =范羽喬!D3 -> 女 | E12: =范羽喬!E3 -> 48.6 | F12: =范羽喬!F3 -> -3.3 | G12: =范羽喬!G3 -> Q1 | H12: =范羽喬!H3 -> 21.8 | ... W12: =范羽喬!W3 -> Q1 | AA12: =DATE(MID(A12,1,3)+1911,MID(A12,4,2),MID(A12,6,2)) -> 45723 | AB12: 45767 | AC12: =C12 -> 范羽喬 | AD12: 46 | AE12: =LOOKUP(AB12,比賽種類,比賽日期) -> 亞洲主席盃 | AF12: =E12 -> 48.6 | AG12: =AF12-AM12 -> 48.405909 | AH12: =AF12-AD12 -> 2.6 | AI12: =IF(AM12>0.8,"需注意","通過") -> 通過 | AJ12: =(AB12-AA12)/7 -> 6.2857143 | AK12: =AL12-AD12 -> 1.22 | AL12: =AF12-AN12 -> 47.22 | AM12: =AK12/AJ12 -> 0.19409091 | AN12: =AD12*0.03 -> 1.38 | AO12: =AH12/AF12 -> 0.053497942
A13: =王薇嘉!A3 -> 1140307 | B13: =王薇嘉!B3 -> 4周前 | C13: =王薇嘉!C3 -> 王薇嘉 | D13: =王薇嘉!D3 -> 女 | E13: =王薇嘉!E3 -> 64.9 | F13: =王薇嘉!F3 -> 0 | G13: =王薇嘉!G3 -> Q4 | H13: =王薇嘉!H3 -> 25.7 | ... W13: =王薇嘉!W3 -> Q4 | AA13: =DATE(MID(A13,1,3)+1911,MID(A13,4,2),MID(A13,6,2)) -> 45723 | AB13: 45767 | AC13: =C13 -> 王薇嘉 | AD13: 67 | AE13: =LOOKUP(AB13,比賽種類,比賽日期) -> 亞洲主席盃 | AF13: =E13 -> 64.9 | AG13: =AF13-AM13 -> 65.553864 | AH13: =AF13-AD13 -> -2.1 | AI13: =IF(AM13>0.8,"需注意","通過") -> 通過 | AJ13: =(AB13-AA13)/7 -> 6.2857143 | AK13: =AL13-AD13 -> -4.11 | AL13: =AF13-AN13 -> 62.89 | AM13: =AK13/AJ13 -> -0.65386364 | AN13: =AD13*0.03 -> 2.01 | AO13: =AH13/AF13 -> -0.032357473
A14: =王婕菱!A3 -> 1140307 | B14: =王婕菱!B3 -> 4周前 | C14: =王婕菱!C3 -> 王婕菱 | D14: =王婕菱!D3 -> 女 | E14: =王婕菱!E3 -> 48.9 | F14: =王婕菱!F3 -> -1.3 | G14: =王婕菱!G3 -> Q1 | H14: =王婕菱!H3 -> 16.8 | ... W14: =王婕菱!W3 -> Q4 | AA14: =DATE(MID(A14,1,3)+1911,MID(A14,4,2),MID(A14,6,2)) -> 45723 | AB14: 45767 | AC14: =C14 -> 王婕菱 | AD14: 46 | AE14: =LOOKUP(AB14,比賽種類,比賽日期) -> 亞洲主席盃 | AF14: =E14 -> 48.9 | AG14: =AF14-AM14 -> 48.658182 | AH14: =AF14-AD14 -> 2.9 | AI14: =IF(AM14>0.8,"需注意","通過") -> 通過 | AJ14: =(AB14-AA14)/7 -> 6.2857143 | AK14: =AL14-AD14 -> 1.52 | AL14: =AF14-AN14 -> 47.52 | AM14: =AK14/AJ14 -> 0.24181818 | AN14: =AD14*0.03 -> 1.38 | AO14: =AH14/AF14 -> 0.059304703
A15: =林家嫙!A3 -> 1140307 | B15: =林家嫙!B3 -> 4周前 | C15: =林家嫙!C3 -> 林家嫙 | D15: =林家嫙!D3 -> 女 | E15: =林家嫙!E3 -> 62.1 | F15: =林家嫙!F3 -> -1.2 | G15: =林家嫙!G3 -> Q1 | H15: =林家嫙!H3 -> 23.9 | ... W15: =林家嫙!W3 -> Q1 | AA15: =DATE(MID(A15,1,3)+1911,MID(A15,4,2),MID(A15,6,2)) -> 45723 | AB15: 45767 | AC15: =C15 -> 林家嫙 | AD15: 67 | AE15: =LOOKUP(AB15,比賽種類,比賽日期) -> 亞洲主席盃 | AF15: =E15 -> 62.1 | AG15: =AF15-AM15 -> 63.199318 | AH15: =AF15-AD15 -> -4.9 | AI15: =IF(AM15>0.8,"需注意","通過") -> 通過 | AJ15: =(AB15-AA15)/7 -> 6.2857143 | AK15: =AL15-AD15 -> -6.91 | AL15: =AF15-AN15 -> 60.09 | AM15: =AK15/AJ15 -> -1.0993182 | AN15: =AD15*0.03 -> 2.01 | AO15: =AH15/AF15 -> -0.078904992
A16: =蔣芷昀!A3 -> 1140307 | B16: =蔣芷昀!B3 -> 4周前 | C16: =蔣芷昀!C3 -> 蔣芷昀 | D16: =蔣芷昀!D3 -> 女 | E16: =蔣芷昀!E3 -> 53.5 | F16: =蔣芷昀!F3 -> -2.2 | G16: =蔣芷昀!G3 -> Q1 | H16: =蔣芷昀!H3 -> 17.2 | ... W16: =蔣芷昀!W3 -> Q1 | AA16: =DATE(MID(A16,1,3)+1911,MID(A16,4,2),MID(A16,6,2)) -> 45723 | AB16: 45767 | AC16: =C16 -> 蔣芷昀 | AD16: 49 | AE16: =LOOKUP(AB16,比賽種類,比賽日期) -> 亞洲主席盃 | AF16: =E16 -> 53.5 | AG16: =AF16-AM16 -> 53.017955 | AH16: =AF16-AD16 -> 4.5 | AI16: =IF(AM16>0.8,"需注意","通過") -> 通過 | AJ16: =(AB16-AA16)/7 -> 6.2857143 | AK16: =AL16-AD16 -> 3.03 | AL16: =AF16-AN16 -> 52.03 | AM16: =AK16/AJ16 -> 0.48204545 | AN16: =AD16*0.03 -> 1.47 | AO16: =AH16/AF16 -> 0.08411215
A17: =郭依梵!A3 -> 1140307 | B17: =郭依梵!B3 -> 4周前 | C17: =郭依梵!C3 -> 郭依梵 | D17: =郭依梵!D3 -> 女 | E17: =郭依梵!E3 -> 55 | F17: =郭依梵!F3 -> -1.2 | G17: =郭依梵!G3 -> Q1 | H17: =郭依梵!H3 -> 14.9 | ... W17: =郭依梵!W3 -> Q1 | AA17: =DATE(MID(A17,1,3)+1911,MID(A17,4,2),MID(A17,6,2)) -> 45723 | AB17: 45767 | AC17: =C17 -> 郭依梵 | AD17: 53 | AE17: =LOOKUP(AB17,比賽種類,比賽日期) -> 亞洲主席盃 | AF17: =E17 -> 55 | AG17: =AF17-AM17 -> 54.934773 | AH17: =AF17-AD17 -> 2 | AI17: =IF(AM17>0.8,"需注意","通過") -> 通過 | AJ17: =(AB17-AA17)/7 -> 6.2857143 | AK17: =AL17-AD17 -> 0.41 | AL17: =AF17-AN17 -> 53.41 | AM17: =AK17/AJ17 -> 0.065227273 | AN17: =AD17*0.03 -> 1.59 | AO17: =AH17/AF17 -> 0.036363636
A18: =高心怡!A3 -> 1140307 | B18: =高心怡!B3 -> 4周前 | C18: =高心怡!C3 -> 高心怡 | D18: =高心怡!D3 -> 女 | E18: =高心怡!E3 -> 58.7 | F18: =高心怡!F3 -> -0.4 | G18: =高心怡!G3 -> Q1 | H18: =高心怡!H3 -> 20.6 | ... W18: =高心怡!W3 -> Q4 | AA18: =DATE(MID(A18,1,3)+1911,MID(A18,4,2),MID(A18,6,2)) -> 45723 | AB18: 45767 | AC18: =C18 -> 高心怡 | AD18: 57 | AE18: =LOOKUP(AB18,比賽種類,比賽日期) -> 亞洲主席盃 | AF18: =E18 -> 58.7 | AG18: =AF18-AM18 -> 58.701591 | AH18: =AF18-AD18 -> 1.7 | AI18: =IF(AM18>0.8,"需注意","通過") -> 通過 | AJ18: =(AB18-AA18)/7 -> 6.2857143 | AK18: =AL18-AD18 -> -0.01 | AL18: =AF18-AN18 -> 56.99 | AM18: =AK18/AJ18 -> -0.0015909091 | AN18: =AD18*0.03 -> 1.71 | AO18: =AH18/AF18 -> 0.028960818
A19: =謝依玲!A3 -> 1140307 | B19: =謝依玲!B3 -> 4周前 | C19: =謝依玲!C3 -> 謝依玲 | D19: =謝依玲!D3 -> 女 | E19: =謝依玲!E3 -> 63.7 | F19: =謝依玲!F3 -> -0.2 | G19: =謝依玲!G3 -> Q1 | H19: =謝依玲!H3 -> 25.6 | ... W19: =謝依玲!W3 -> Q4 | AA19: =DATE(MID(A19,1,3)+1911,MID(A19,4,2),MID(A19,6,2)) -> 45723 | AB19: 45767 | AC19: =C19 -> 謝依玲 | AD19: 62 | AE19: =LOOKUP(AB19,比賽種類,比賽日期) -> 亞洲主席盃 | AF19: =E19 -> 63.7 | AG19: =AF19-AM19 -> 63.725455 | AH19: =AF19-AD19 -> 1.7 | AI19: =IF(AM19>0.8,"需注意","通過") -> 通過 | AJ19: =(AB19-AA19)/7 -> 6.2857143 | AK19: =AL19-AD19 -> -0.16 | AL19: =AF19-AN19 -> 61.84 | AM19: =AK19/AJ19 -> -0.025454545 | AN19: =AD19*0.03 -> 1.86 | AO19: =AH19/AF19 -> 0.026687598
A20: =陳沛妤!A3 -> 1140307 | B20: =陳沛妤!B3 -> 4周前 | C20: =陳沛妤!C3 -> 陳沛妤 | D20: =陳沛妤!D3 -> 女 | E20: =陳沛妤!E3 -> 73.7 | F20: =陳沛妤!F3 -> -5 | G20: =陳沛妤!G3 -> Q1 | H20: =陳沛妤!H3 -> 31.3 | ... W20: =陳沛妤!W3 -> Q1 | AA20: =DATE(MID(A20,1,3)+1911,MID(A20,4,2),MID(A20,6,2)) -> 45723 | AB20: 45767 | AC20: =C20 -> 陳沛妤 | AD20: 73+ | AE20: =LOOKUP(AB20,比賽種類,比賽日期) -> 亞洲主席盃 | AF20: =E20 -> 73.7
A21: =鄧鈺臻!A3 -> 1140204 | B21: =鄧鈺臻!B3 -> #VALUE! | C21: =鄧鈺臻!C3 -> 鄧鈺臻 | D21: =鄧鈺臻!D3 -> 女 | E21: =鄧鈺臻!E3 -> 64.1 | F21: =鄧鈺臻!F3 -> 0 | G21: =鄧鈺臻!G3 -> Q4 | H21: =鄧鈺臻!H3 -> 30.1 | ... W21: =鄧鈺臻!W3 -> Q4 | AA21: =DATE(MID(A21,1,3)+1911,MID(A21,4,2),MID(A21,6,2)) -> 45692 | AB21: 45767 | AC21: =C21 -> 鄧鈺臻 | AD21: 73 | AE21: =LOOKUP(AB21,比賽種類,比賽日期) -> 亞洲主席盃 | AF21: =E21 -> 64.1 | AG21: =AF21-AM21 -> 65.135067 | AH21: =AF21-AD21 -> -8.9 | AI21: =IF(AM21>0.8,"需注意","通過") -> 通過 | AJ21: =(AB21-AA21)/7 -> 10.714286 | AK21: =AL21-AD21 -> -11.09 | AL21: =AF21-AN21 -> 61.91 | AM21: =AK21/AJ21 -> -1.0350667 | AN21: =AD21*0.03 -> 2.19 | AO21: =AH21/AF21 -> -0.13884555
A22: =徐彧媐!A3 -> 1140204 | B22: =徐彧媐!B3 -> #VALUE! | C22: =徐彧媐!C3 -> 徐彧媐 | D22: =徐彧媐!D3 -> 女 | E22: =徐彧媐!E3 -> 71.3 | F22: =徐彧媐!F3 -> 0 | G22: =徐彧媐!G3 -> Q4 | H22: =徐彧媐!H3 -> 33.8 | ... W22: =徐彧媐!W3 -> Q4 | AA22: =DATE(MID(A22,1,3)+1911,MID(A22,4,2),MID(A22,6,2)) -> 45692 | AB22: 45767 | AC22: =C22 -> 徐彧媐 | AD22: 73 | AE22: =LOOKUP(AB22,比賽種類,比賽日期) -> 亞洲主席盃 | AF22: =E22 -> 71.3 | AG22: =AF22-AM22 -> 71.663067 | AH22: =AF22-AD22 -> -1.7 | AI22: =IF(AM22>0.8,"需注意","通過") -> 通過 | AJ22: =(AB22-AA22)/7 -> 10.714286 | AK22: =AL22-AD22 -> -3.89 | AL22: =AF22-AN22 -> 69.11 | AM22: =AK22/AJ22 -> -0.36306667 | AN22: =AD22*0.03 -> 2.19 | AO22: =AH22/AF22 -> -0.023842917
A23: =黃鈺仁!A3 -> 1140320 | B23: =黃鈺仁!B3 -> 2周前 | C23: =黃鈺仁!C3 -> 黃鈺仁 | D23: =黃鈺仁!D3 -> 男 | E23: =黃鈺仁!E3 -> 87.2 | F23: =黃鈺仁!F3 -> -0.3 | G23: =黃鈺仁!G3 -> Q1 | H23: =黃鈺仁!H3 -> 17.9 | ... W23: =黃鈺仁!W3 -> Q1 | AA23: =DATE(MID(A23,1,3)+1911,MID(A23,4,2),MID(A23,6,2)) -> 45736 | AB23: 45767 | AC23: =C23 -> 黃鈺仁 | AD23: 80+ | AE23: =LOOKUP(AB23,比賽種類,比賽日期) -> 亞洲主席盃 | AF23: =E23 -> 87.2
A24: =邱義睿!A3 -> 1140307 | B24: =邱義睿!B3 -> 4周前 | C24: =邱義睿!C3 -> 邱義睿 | D24: =邱義睿!D3 -> 男 | E24: =邱義睿!E3 -> 74.1 | F24: =邱義睿!F3 -> -1.7 | G24: =邱義睿!G3 -> Q3 | H24: =邱義睿!H3 -> 9.4 | ... W24: =邱義睿!W3 -> Q4 | AA24: =DATE(MID(A24,1,3)+1911,MID(A24,4,2),MID(A24,6,2)) -> 45723 | AB24: 45767 | AC24: =C24 -> 邱義睿 | AD24: 68 | AE24: =LOOKUP(AB24,比賽種類,比賽日期) -> 亞洲主席盃 | AF24: =E24 -> 74.1 | AG24: =AF24-AM24 -> 73.454091 | AH24: =AF24-AD24 -> 6.1 | AI24: =IF(AM24>0.8,"需注意","通過") -> 通過 | AJ24: =(AB24-AA24)/7 -> 6.2857143 | AK24: =AL24-AD24 -> 4.06 | AL24: =AF24-AN24 -> 72.06 | AM24: =AK24/AJ24 -> 0.64590909 | AN24: =AD24*0.03 -> 2.04 | AO24: =AH24/AF24 -> 0.082321188
A25: =李孟恩!A3 -> 1140204 | B25: =李孟恩!B3 -> 31周前 | C25: =李孟恩!C3 -> 李孟恩 | D25: =李孟恩!D3 -> 男 | E25: =李孟恩!E3 -> 99.4 | F25: =李孟恩!F3 -> 3.2 | G25: =李孟恩!G3 -> Q4 | H25: =李孟恩!H3 -> 19.3 | ... W25: =李孟恩!W3 -> Q1 | AA25: =DATE(MID(A25,1,3)+1911,MID(A25,4,2),MID(A25,6,2)) -> 45692 | AB25: 45767 | AC25: =C25 -> 李孟恩 | AD25: 80+ | AE25: =LOOKUP(AB25,比賽種類,比賽日期) -> 亞洲主席盃 | AF25: =E25 -> 99.4
A26: =徐晧祐!A3 -> 1140307 | B26: =徐晧祐!B3 -> 4周前 | C26: =徐晧祐!C3 -> 徐晧祐 | D26: =徐晧祐!D3 -> 男 | E26: =徐晧祐!E3 -> 70.4 | F26: =徐晧祐!F3 -> -0.2 | G26: =徐晧祐!G3 -> Q2 | H26: =徐晧祐!H3 -> 6.8 | ... W26: =徐晧祐!W3 -> Q4 | AA26: =DATE(MID(A26,1,3)+1911,MID(A26,4,2),MID(A26,6,2)) -> 45723 | AB26: 45767 | AC26: =C26 -> 徐晧祐 | AD26: 68 | AE26: =LOOKUP(AB26,比賽種類,比賽日期) -> 亞洲主席盃 | AF26: =E26 -> 70.4 | AG26: =AF26-AM26 -> 70.342727 | AH26: =AF26-AD26 -> 2.4 | AI26: =IF(AM26>0.8,"需注意","通過") -> 通過 | AJ26: =(AB26-AA26)/7 -> 6.2857143 | AK26: =AL26-AD26 -> 0.36 | AL26: =AF26-AN26 -> 68.36 | AM26: =AK26/AJ26 -> 0.057272727 | AN26: =AD26*0.03 -> 2.04 | AO26: =AH26/AF26 -> 0.034090909
A27: =陳鵬仁!A3 -> 1140307 | B27: =陳鵬仁!B3 -> 4周前 | C27: =陳鵬仁!C3 -> 陳鵬仁 | D27: =陳鵬仁!D3 -> 男 | E27: =陳鵬仁!E3 -> 63.4 | F27: =陳鵬仁!F3 -> -2.2 | G27: =陳鵬仁!G3 -> Q1 | H27: =陳鵬仁!H3 -> 8.5 | ... W27: =陳鵬仁!W3 -> Q1 | AA27: =DATE(MID(A27,1,3)+1911,MID(A27,4,2),MID(A27,6,2)) -> 45723 | AB27: 45767 | AC27: =C27 -> 陳鵬仁 | AD27: 63 | AE27: =LOOKUP(AB27,比賽種類,比賽日期) -> 亞洲主席盃 | AF27: =E27 -> 63.4 | AG27: =AF27-AM27 -> 63.637045 | AH27: =AF27-AD27 -> 0.4 | AI27: =IF(AM27>0.8,"需注意","通過") -> 通過 | AJ27: =(AB27-AA27)/7 -> 6.2857143 | AK27: =AL27-AD27 -> -1.49 | AL27: =AF27-AN27 -> 61.51 | AM27: =AK27/AJ27 -> -0.23704545 | AN27: =AD27*0.03 -> 1.89 | AO27: =AH27/AF27 -> 0.0063091483
A28: =陳亮希!A3 -> 1140307 | B28: =陳亮希!B3 -> 4周前 | C28: =陳亮希!C3 -> 陳亮希 | D28: =陳亮希!D3 -> 男 | E28: =陳亮希!E3 -> 90.9 | F28: =陳亮希!F3 -> -0.4 | G28: =陳亮希!G3 -> Q1 | H28: =陳亮希!H3 -> 16.9 | ... W28: =陳亮希!W3 -> Q4 | AA28: =DATE(MID(A28,1,3)+1911,MID(A28,4,2),MID(A28,6,2)) -> 45723 | AB28: 45767 | AC28: =C28 -> 陳亮希 | AD28: 87 | AE28: =LOOKUP(AB28,比賽種類,比賽日期) -> 亞洲主席盃 | AF28: =E28 -> 90.9 | AG28: =AF28-AM28 -> 90.694773 | AH28: =AF28-AD28 -> 3.9 | AI28: =IF(AM28>0.8,"需注意","通過") -> 通過 | AJ28: =(AB28-AA28)/7 -> 6.2857143 | AK28: =AL28-AD28 -> 1.29 | AL28: =AF28-AN28 -> 88.29 | AM28: =AK28/AJ28 -> 0.20522727 | AN28: =AD28*0.03 -> 2.61 | AO28: =AH28/AF28 -> 0.04290429
A29: =洪俊義!A3 -> 1140320 | B29: =洪俊義!B3 -> 2周前 | C29: =洪俊義!C3 -> 洪俊義 | D29: =洪俊義!D3 -> 男 | E29: =洪俊義!E3 -> 80.7 | F29: =洪俊義!F3 -> 0.2 | G29: =洪俊義!G3 -> Q2 | H29: =洪俊義!H3 -> 10.2 | ... W29: =洪俊義!W3 -> Q2 | AA29: =DATE(MID(A29,1,3)+1911,MID(A29,4,2),MID(A29,6,2)) -> 45736 | AB29: 45767 | AC29: =C29 -> 洪俊義 | AD29: 80 | AE29: =LOOKUP(AB29,比賽種類,比賽日期) -> 亞洲主席盃 | AF29: =E29 -> 80.7 | AG29: =AF29-AM29 -> 81.083871 | AH29: =AF29-AD29 -> 0.7 | AI29: =IF(AM29>0.8,"需注意","通過") -> 通過 | AJ29: =(AB29-AA29)/7 -> 4.4285714 | AK29: =AL29-AD29 -> -1.7 | AL29: =AF29-AN29 -> 78.3 | AM29: =AK29/AJ29 -> -0.38387097 | AN29: =AD29*0.03 -> 2.4 | AO29: =AH29/AF29 -> 0.0086741016
A30: =潘奎恩!A3 -> 1140307 | B30: =潘奎恩!B3 -> 4周前 | C30: =潘奎恩!C3 -> 潘奎恩 | D30: =潘奎恩!D3 -> 男 | E30: =潘奎恩!E3 -> 74.2 | F30: =潘奎恩!F3 -> -0.2 | G30: =潘奎恩!G3 -> Q1 | H30: =潘奎恩!H3 -> 11.2 | ... W30: =潘奎恩!W3 -> Q4 | AA30: =DATE(MID(A30,1,3)+1911,MID(A30,4,2),MID(A30,6,2)) -> 45723 | AB30: 45767 | AC30: =C30 -> 潘奎恩 | AD30: 74 | AE30: =LOOKUP(AB30,比賽種類,比賽日期) -> 亞洲主席盃 | AF30: =E30 -> 74.2 | AG30: =AF30-AM30 -> 74.521364 | AH30: =AF30-AD30 -> 0.2 | AI30: =IF(AM30>0.8,"需注意","通過") -> 通過 | AJ30: =(AB30-AA30)/7 -> 6.2857143 | AK30: =AL30-AD30 -> -2.02 | AL30: =AF30-AN30 -> 71.98 | AM30: =AK30/AJ30 -> -0.32136364 | AN30: =AD30*0.03 -> 2.22 | AO30: =AH30/AF30 -> 0.0026954178
A31: =蔡昇良!A3 -> 1130530 | B31: =蔡昇良!B3 -> 5周前 | C31: =蔡昇良!C3 -> 蔡昇良 | D31: =蔡昇良!D3 -> 男 | E31: =蔡昇良!E3 -> 73.6 | F31: =蔡昇良!F3 -> 0.3 | G31: =蔡昇良!G3 -> Q1 | H31: =蔡昇良!H3 -> 8.2 | ... W31: =蔡昇良!W3 -> Q1 | AA31: =DATE(MID(A31,1,3)+1911,MID(A31,4,2),MID(A31,6,2)) -> 45442 | AB31: 45767 | AC31: =C31 -> 蔡昇良 | AE31: =LOOKUP(AB31,比賽種類,比賽日期) -> 亞洲主席盃 | AF31: =E31 -> 73.6 | AG31: =AF31-AM31 -> 72.014769 | AH31: =AF31-AD31 -> 73.6 | AI31: =IF(AM31>0.8,"需注意","通過") -> 需注意 | AJ31: =(AB31-AA31)/7 -> 46.428571 | AK31: =AL31-AD31 -> 73.6 | AL31: =AF31-AN31 -> 73.6 | AM31: =AK31/AJ31 -> 1.5852308 | AN31: =AD31*0.03 -> 0 | AO31: =AH31/AF31 -> 1
A32: =謝宗佑!A3 -> 1140307 | B32: =謝宗佑!B3 -> 4周前 | C32: =謝宗佑!C3 -> 謝宗佑 | D32: =謝宗佑!D3 -> 男 | E32: =謝宗佑!E3 -> 76.8 | F32: =謝宗佑!F3 -> -0.8 | G32: =謝宗佑!G3 -> Q3 | H32: =謝宗佑!H3 -> 17.3 | ... W32: =謝宗佑!W3 -> Q1 | AA32: =DATE(MID(A32,1,3)+1911,MID(A32,4,2),MID(A32,6,2)) -> 45723 | AB32: 45767 | AC32: =C32 -> 謝宗佑 | AD32: 74 | AE32: =LOOKUP(AB32,比賽種類,比賽日期) -> 亞洲主席盃 | AF32: =E32 -> 76.8 | AG32: =AF32-AM32 -> 76.707727 | AH32: =AF32-AD32 -> 2.8 | AI32: =IF(AM32>0.8,"需注意","通過") -> 通過 | AJ32: =(AB32-AA32)/7 -> 6.2857143 | AK32: =AL32-AD32 -> 0.58 | AL32: =AF32-AN32 -> 74.58 | AM32: =AK32/AJ32 -> 0.092272727 | AN32: =AD32*0.03 -> 2.22 | AO32: =AH32/AF32 -> 0.036458333
A33: =黃卓乘!A3 -> 1140307 | B33: =黃卓乘!B3 -> 4周前 | C33: =黃卓乘!C3 -> 黃卓乘 | D33: =黃卓乘!D3 -> 男 | E33: =黃卓乘!E3 -> 65.1 | F33: =黃卓乘!F3 -> -0.1 | G33: =黃卓乘!G3 -> Q1 | H33: =黃卓乘!H3 -> 12.1 | ... W33: =黃卓乘!W3 -> Q1 | AA33: =DATE(MID(A33,1,3)+1911,MID(A33,4,2),MID(A33,6,2)) -> 45723 | AB33: 45767 | AC33: =C33 -> 黃卓乘 | AD33: 63 | AE33: =LOOKUP(AB33,比賽種類,比賽日期) -> 亞洲主席盃 | AF33: =E33 -> 65.1 | AG33: =AF33-AM33 -> 65.066591 | AH33: =AF33-AD33 -> 2.1 | AI33: =IF(AM33>0.8,"需注意","通過") -> 通過 | AJ33: =(AB33-AA33)/7 -> 6.2857143 | AK33: =AL33-AD33 -> 0.21 | AL33: =AF33-AN33 -> 63.21 | AM33: =AK33/AJ33 -> 0.033409091 | AN33: =AD33*0.03 -> 1.89 | AO33: =AH33/AF33 -> 0.032258065
A34: =巫少輔!A3 -> 1140307 | B34: =巫少輔!B3 -> 4周前 | C34: =巫少輔!C3 -> 巫少輔 | D34: =巫少輔!D3 -> 男 | E34: =巫少輔!E3 -> 79.8 | F34: =巫少輔!F3 -> 2.5 | G34: =巫少輔!G3 -> Q4 | H34: =巫少輔!H3 -> 13.9 | ... W34: =巫少輔!W3 -> Q4 | AA34: =DATE(MID(A34,1,3)+1911,MID(A34,4,2),MID(A34,6,2)) -> 45723 | AB34: 45767 | AC34: =C34 -> 巫少輔 | AD34: 80 | AE34: =LOOKUP(AB34,比賽種類,比賽日期) -> 亞洲主席盃 | AF34: =E34 -> 79.8 | AG34: =AF34-AM34 -> 80.213636 | AH34: =AF34-AD34 -> -0.2 | AI34: =IF(AM34>0.8,"需注意","通過") -> 通過 | AJ34: =(AB34-AA34)/7 -> 6.2857143 | AK34: =AL34-AD34 -> -2.6 | AL34: =AF34-AN34 -> 77.4 | AM34: =AK34/AJ34 -> -0.41363636 | AN34: =AD34*0.03 -> 2.4 | AO34: =AH34/AF34 -> -0.0025062657
A35: =李祈恩!A3 -> 1140320 | B35: =李祈恩!B3 -> 2周前 | C35: =李祈恩!C3 -> 李祈恩 | D35: =李祈恩!D3 -> 男 | E35: =李祈恩!E3 -> 57.7 | F35: =李祈恩!F3 -> 0 | G35: =李祈恩!G3 -> Q1 | H35: =李祈恩!H3 -> 9.3 | ... W35: =李祈恩!W3 -> Q4 | AA35: =DATE(MID(A35,1,3)+1911,MID(A35,4,2),MID(A35,6,2)) -> 45736 | AB35: 45767 | AC35: =C35 -> 李祈恩 | AD35: 54 | AE35: =LOOKUP(AB35,比賽種類,比賽日期) -> 亞洲主席盃 | AF35: =E35 -> 57.7 | AG35: =AF35-AM35 -> 57.230323 | AH35: =AF35-AD35 -> 3.7 | AI35: =IF(AM35>0.8,"需注意","通過") -> 通過 | AJ35: =(AB35-AA35)/7 -> 4.4285714 | AK35: =AL35-AD35 -> 2.08 | AL35: =AF35-AN35 -> 56.08 | AM35: =AK35/AJ35 -> 0.46967742 | AN35: =AD35*0.03 -> 1.62 | AO35: =AH35/AF35 -> 0.064124783
A36: =潘奎安!A3 -> 1140307 | B36: =潘奎安!B3 -> 4周前 | C36: =潘奎安!C3 -> 潘奎安 | D36: =潘奎安!D3 -> 男 | E36: =潘奎安!E3 -> 63.2 | F36: =潘奎安!F3 -> -0.7 | G36: =潘奎安!G3 -> Q1 | H36: =潘奎安!H3 -> 4.6 | ... W36: =潘奎安!W3 -> Q4 | AA36: =DATE(MID(A36,1,3)+1911,MID(A36,4,2),MID(A36,6,2)) -> 45723 | AB36: 45767 | AC36: =C36 -> 潘奎安 | AD36: 58 | AE36: =LOOKUP(AB36,比賽種類,比賽日期) -> 亞洲主席盃 | AF36: =E36 -> 63.2 | AG36: =AF36-AM36 -> 62.649545 | AH36: =AF36-AD36 -> 5.2 | AI36: =IF(AM36>0.8,"需注意","通過") -> 通過 | AJ36: =(AB36-AA36)/7 -> 6.2857143 | AK36: =AL36-AD36 -> 3.46 | AL36: =AF36-AN36 -> 61.46 | AM36: =AK36/AJ36 -> 0.55045455 | AN36: =AD36*0.03 -> 1.74 | AO36: =AH36/AF36 -> 0.082278481
A37: =王律喆!A3 -> 1140307 | B37: =王律喆!B3 -> 4周前 | C37: =王律喆!C3 -> 王律喆 | D37: =王律喆!D3 -> 男 | E37: =王律喆!E3 -> 59.2 | F37: =王律喆!F3 -> -0.7 | G37: =王律喆!G3 -> Q1 | H37: =王律喆!H3 -> 10.1 | ... W37: =王律喆!W3 -> Q4 | AA37: =DATE(MID(A37,1,3)+1911,MID(A37,4,2),MID(A37,6,2)) -> 45723 | AB37: 45767 | AC37: =C37 -> 王律喆 | AD37: 58 | AE37: =LOOKUP(AB37,比賽種類,比賽日期) -> 亞洲主席盃 | AF37: =E37 -> 59.2 | AG37: =AF37-AM37 -> 59.285909 | AH37: =AF37-AD37 -> 1.2 | AI37: =IF(AM37>0.8,"需注意","通過") -> 通過 | AJ37: =(AB37-AA37)/7 -> 6.2857143 | AK37: =AL37-AD37 -> -0.54 | AL37: =AF37-AN37 -> 57.46 | AM37: =AK37/AJ37 -> -0.085909091 | AN37: =AD37*0.03 -> 1.74 | AO37: =AH37/AF37 -> 0.02027027
A38: =黃宇睿!A3 -> 1140307 | B38: =黃宇睿!B3 -> 4周前 | C38: =黃宇睿!C3 -> 黃宇睿 | D38: =黃宇睿!D3 -> 男 | E38: =黃宇睿!E3 -> 72.5 | F38: =黃宇睿!F3 -> -1.9 | G38: =黃宇睿!G3 -> Q1 | H38: =黃宇睿!H3 -> 9 | ... W38: =黃宇睿!W3 -> Q1 | AA38: =DATE(MID(A38,1,3)+1911,MID(A38,4,2),MID(A38,6,2)) -> 45723 | AB38: 45767 | AC38: =C38 -> 黃宇睿 | AD38: 68 | AE38: =LOOKUP(AB38,比賽種類,比賽日期) -> 亞洲主席盃 | AF38: =E38 -> 72.5 | AG38: =AF38-AM38 -> 72.108636 | AH38: =AF38-AD38 -> 4.5 | AI38: =IF(AM38>0.8,"需注意","通過") -> 通過 | AJ38: =(AB38-AA38)/7 -> 6.2857143 | AK38: =AL38-AD38 -> 2.46 | AL38: =AF38-AN38 -> 70.46 | AM38: =AK38/AJ38 -> 0.39136364 | AN38: =AD38*0.03 -> 2.04 | AO38: =AH38/AF38 -> 0.062068966

Sheet 蘇柏亞
A1: 量測日期 | B1: 上次量測 | C1: 姓名 | D1: 性別 | E1: 體重 | H1: 體脂率 | K1: 脂肪重 | N1: 去脂肪重 | Q1: 肌肉重 | T1: 總水份 | X1: 日期 | Y1: 體重(kg) | Z1: 體脂率(%) | AA1: 脂肪重(kg) | AB1: 去脂重(kg) | AC1: 肌肉量 | AD1: 身體總水份kg | AE1: 上次量測 | AF1: 星期 | AG1: 身體總水份% | AH1: 體重變化 | AI1: 體脂率變化 | AJ1: 脂肪重變化 | AK1: 去脂重變化 | AL1: 肌肉量變化 | AM1: 水分變化KG | AN1: 水分變化%
A2: "選取" | E2: 體重 | F2: 變化 | G2: 區間 | H2: 體脂率 | I2: 變化 | J2: 區間 | K2: 脂肪重 | L2: 變化 | M2: 區間 | N2: 去脂重 | O2: 變化 | P2: 區間 | Q2: 肌肉重 | R2: 變化 | S2: 區間 | T2: 總水份 | U2: 變化 | V2: 變化% | W2: 區間 | X2: {=_xlfn._xlws.SORT(_xlfn._xlws.FILTER(資料輸入!F:L, ISNUMBER(MATCH(資料輸入!E:E, 蘇柏亞!C3, 0))), 1, TRUE)} -> 1120324 | Y2: 55.3 | Z2: 15.5 | AA2: 8.6 | AB2: 46.7 | AC2: 43.8 | AD2: 31.2 | AF2: =DATE(MID(X2,1,3)+1911,MID(X2,4,2),MID(X2,6,2)) -> 45009 | AG2: =1-(Y2-AD2)/Y2 -> 0.5641953
A3: =MAX(X:X) -> 1140204 | B3: =K6&J7 -> 33周前 | C3: 蘇柏亞 | D3: 女 | E3: =LOOKUP($A$3,日期,體重_kg) -> 55.4 | F3: =LOOKUP($A$3,日期,體重變化) -> -1.1 | G3: =IF(E3<C8,"Q1",IF(E3<C9,"Q2",IF(E3<C10,"Q3",IF(E3<3000,"Q4")))) -> Q2 | H3: =LOOKUP($A$3,日期,體脂率) -> 16.9 | I3: =LOOKUP($A$3,日期,體脂率變化) -> -0.5 | J3: =IF(H3<D8,"Q1",IF(H3<D9,"Q2",IF(H3<D10,"Q3",IF(H3<3000,"Q4")))) -> Q3 | K3: =LOOKUP($A$3,日期,脂肪重_kg) -> 9.4 | L3: =LOOKUP($A$3,日期,脂肪重變化) -> -0.4 | M3: =IF(K3<E8,"Q1",IF(K3<E9,"Q2",IF(K3<E10,"Q3",IF(K3<3000,"Q4")))) -> Q3 | N3: =LOOKUP($A$3,日期,去脂重_kg) -> 46 | O3: =LOOKUP($A$3,日期,去脂重變化) -> -0.7 | P3: =IF(N3<F8,"Q1",IF(N3<F9,"Q2",IF(N3<F10,"Q3",IF(N3<3000,"Q4")))) -> Q1 | Q3: =LOOKUP($A$3,日期,肌肉量) -> 43.1 | R3: =LOOKUP($A$3,日期,肌肉量變化) -> -0.7 | S3: =IF(Q3<G8,"Q1",IF(Q3<G9,"Q2",IF(Q3<G10,"Q3",IF(Q3<3000,"Q4")))) -> Q1 | T3: =LOOKUP($A$3,日期,身體總水份kg) -> 30.3 | U3: =LOOKUP($A$3,日期,水分變化KG) -> -0.8 | V3: =LOOKUP($A$3,日期,水分變化) -> -0.0035110699 | W3: =IF(T3<H8,"Q1",IF(T3<H9,"Q2",IF(T3<H10,"Q3",IF(T3<3000,"Q4")))) -> Q1 | X3: 1120413 | Y3: 55.8 | Z3: 14.2 | AA3: 7.9 | AB3: 47.9 | AC3: 44.9 | AD3: 32 | AE3: =X2 -> 1120324 | AF3: =DATE(MID(X3,1,3)+1911,MID(X3,4,2),MID(X3,6,2)) -> 45029 | AG3: =1-(Y3-AD3)/Y3 -> 0.5734767 | AH3: =Y3-Y2 -> 0.5 | AI3: =Z3-Z2 -> -1.3 | AJ3: =AA3-AA2 -> -0.7 | AK3: =AB3-AB2 -> 1.2 | AL3: =AC3-AC2 -> 1.1 | AM3: =AD3-AD2 -> 0.8 | AN3: =AG3-AG2 -> 0.0092814041
A4: =DATE(MID(A3,1,3)+1911,MID(A3,4,2),MID(A3,6,2)) -> 45692 | B4: =DATE(MID(B17,1,3)+1911,MID(B17,4,2),MID(B17,6,2)) -> 45463 | X4: 1120504 | Y4: 54.2 | Z4: 14.3 | AA4: 7.8 | AB4: 46.4 | AC4: 43.5 | AD4: 30.4 | AE4: =X3 -> 1120413 | AF4: =DATE(MID(X4,1,3)+1911,MID(X4,4,2),MID(X4,6,2)) -> 45050 | AG4: =1-(Y4-AD4)/Y4 -> 0.56088561 | AH4: =Y4-Y3 -> -1.6 | AI4: =Z4-Z3 -> 0.1 | AJ4: =AA4-AA3 -> -0.1 | AK4: =AB4-AB3 -> -1.5 | AL4: =AC4-AC3 -> -1.4 | AM4: =AD4-AD3 -> -1.6 | AN4: =AG4-AG3 -> -0.012591094
C5: 體重 | D5: 體脂率 | E5: 脂肪重 | F5: 去脂重 | G5: 肌肉重 | H5: 總水份 | X5: 1120629 | Y5: 54.4 | Z5: 14.1 | AA5: 7.7 | AB5: 46.7 | AC5: 43.8 | AD5: 30.5 | AE5: =X4 -> 1120504 | AF5: =DATE(MID(X5,1,3)+1911,MID(X5,4,2),MID(X5,6,2)) -> 45106 | AG5: =1-(Y5-AD5)/Y5 -> 0.56066176 | AH5: =Y5-Y4 -> 0.2 | AI5: =Z5-Z4 -> -0.2 | AJ5: =AA5-AA4 -> -0.1 | AK5: =AB5-AB4 -> 0.3 | AL5: =AC5-AC4 -> 0.3 | AM5: =AD5-AD4 -> 0.1 | AN5: =AG5-AG4 -> -0.00022384415
B6: Q1 | C6: =_xlfn.QUARTILE.INC(Y:Y,1) -> 52.425 | D6: =_xlfn.QUARTILE.INC(Z:Z,1) -> 12.95 | E6: =_xlfn.QUARTILE.INC(AA:AA,1) -> 6.75 | F6: =_xlfn.QUARTILE.INC(AB:AB,1) -> 45.65 | G6: =_xlfn.QUARTILE.INC(AC:AC,1) -> 42.85 | H6: =_xlfn.QUARTILE.INC(AD:AD,1) -> 29.9 | J6: =A4-B4 -> 229 | K6: =ROUND(K7,0) -> 33 | X6: 1120713 | Y6: 56.1 | Z6: 14.8 | AA6: 8.3 | AB6: 47.8 | AC6: 44.8 | AD6: 31.8 | AE6: =X5 -> 1120629 | AF6: =DATE(MID(X6,1,3)+1911,MID(X6,4,2),MID(X6,6,2)) -> 45120 | AG6: =1-(Y6-AD6)/Y6 -> 0.56684492 | AH6: =Y6-Y5 -> 1.7 | AI6: =Z6-Z5 -> 0.7 | AJ6: =AA6-AA5 -> 0.6 | AK6: =AB6-AB5 -> 1.1 | AL6: =AC6-AC5 -> 1 | AM6: =AD6-AD5 -> 1.3 | AN6: =AG6-AG5 -> 0.0061831551
B7: =C3 -> 蘇柏亞 | C7: =E3 -> 55.4 | D7: =H3 -> 16.9 | E7: =K3 -> 9.4 | F7: =N3 -> 46 | G7: =Q3 -> 43.1 | H7: =T3 -> 30.3 | J7: 周前 | K7: =J6/7 -> 32.714286 | X7: 1120720 | Y7: 55.6 | Z7: 16 | AA7: 8.9 | AB7: 46.7 | AC7: 43.8 | AD7: 30.7 | AE7: =X6 -> 1120713 | AF7: =DATE(MID(X7,1,3)+1911,MID(X7,4,2),MID(X7,6,2)) -> 45127 | AG7: =1-(Y7-AD7)/Y7 -> 0.55215827 | AH7: =Y7-Y6 -> -0.5 | AI7: =Z7-Z6 -> 1.2 | AJ7: =AA7-AA6 -> 0.6 | AK7: =AB7-AB6 -> -1.1 | AL7: =AC7-AC6 -> -1 | AM7: =AD7-AD6 -> -1.1 | AN7: =AG7-AG6 -> -0.014686646
A8: 低 | B8: Q2 | C8: =_xlfn.QUARTILE.INC(Y:Y,2) -> 55.1 | D8: =_xlfn.QUARTILE.INC(Z:Z,2) -> 14.7 | E8: =_xlfn.QUARTILE.INC(AA:AA,2) -> 8.1 | F8: =_xlfn.QUARTILE.INC(AB:AB,2) -> 46.35 | G8: =_xlfn.QUARTILE.INC(AC:AC,2) -> 43.45 | H8: =_xlfn.QUARTILE.INC(AD:AD,2) -> 30.45 | X8: 1120817 | Y8: 56.6 | Z8: 17 | AA8: 9.6 | AB8: 47 | AC8: 44.1 | AD8: 31.3 | AE8: =X7 -> 1120720 | AF8: =DATE(MID(X8,1,3)+1911,MID(X8,4,2),MID(X8,6,2)) -> 45155 | AG8: =1-(Y8-AD8)/Y8 -> 0.55300353 | AH8: =Y8-Y7 -> 1 | AI8: =Z8-Z7 -> 1 | AJ8: =AA8-AA7 -> 0.7 | AK8: =AB8-AB7 -> 0.3 | AL8: =AC8-AC7 -> 0.3 | AM8: =AD8-AD7 -> 0.6 | AN8: =AG8-AG7 -> 0.00084526019
A9: 中等 | B9: Q3 | C9: =_xlfn.QUARTILE.INC(Y:Y,3) -> 55.525 | D9: =_xlfn.QUARTILE.INC(Z:Z,3) -> 16 | E9: =_xlfn.QUARTILE.INC(AA:AA,3) -> 8.9 | F9: =_xlfn.QUARTILE.INC(AB:AB,3) -> 46.7 | G9: =_xlfn.QUARTILE.INC(AC:AC,3) -> 43.8 | H9: =_xlfn.QUARTILE.INC(AD:AD,3) -> 31.2 | X9: 1120824 | Y9: 56.8 | Z9: 15.4 | AA9: 8.7 | AB9: 48.1 | AC9: 45.1 | AD9: 32.3 | AE9: =X8 -> 1120817 | AF9: =DATE(MID(X9,1,3)+1911,MID(X9,4,2),MID(X9,6,2)) -> 45162 | AG9: =1-(Y9-AD9)/Y9 -> 0.56866197 | AH9: =Y9-Y8 -> 0.2 | AI9: =Z9-Z8 -> -1.6 | AJ9: =AA9-AA8 -> -0.9 | AK9: =AB9-AB8 -> 1.1 | AL9: =AC9-AC8 -> 1 | AM9: =AD9-AD8 -> 1 | AN9: =AG9-AG8 -> 0.015658438
A10: 高 | B10: Q4 | C10: =_xlfn.QUARTILE.INC(Y:Y,4) -> 56.8 | D10: =_xlfn.QUARTILE.INC(Z:Z,4) -> 17.4 | E10: =_xlfn.QUARTILE.INC(AA:AA,4) -> 9.8 | F10: =_xlfn.QUARTILE.INC(AB:AB,4) -> 48.1 | G10: =_xlfn.QUARTILE.INC(AC:AC,4) -> 45.1 | H10: =_xlfn.QUARTILE.INC(AD:AD,4) -> 32.3 | X10: 1120907 | Y10: 56.6 | Z10: 16.7 | AA10: 9.5 | AB10: 47.1 | AC10: 44.1 | AD10: 31.3 | AE10: =X9 -> 1120824 | AF10: =DATE(MID(X10,1,3)+1911,MID(X10,4,2),MID(X10,6,2)) -> 45176 | AG10: =1-(Y10-AD10)/Y10 -> 0.55300353 | AH10: =Y10-Y9 -> -0.2 | AI10: =Z10-Z9 -> 1.3 | AJ10: =AA10-AA9 -> 0.8 | AK10: =AB10-AB9 -> -1 | AL10: =AC10-AC9 -> -1 | AM10: =AD10-AD9 -> -1 | AN10: =AG10-AG9 -> -0.015658438
X11: 1121102 | Y11: 55.5 | Z11: 15.3 | AA11: 8.5 | AB11: 47 | AC11: 44.1 | AD11: 31.3 | AE11: =X10 -> 1120907 | AF11: =DATE(MID(X11,1,3)+1911,MID(X11,4,2),MID(X11,6,2)) -> 45232 | AG11: =1-(Y11-AD11)/Y11 -> 0.56396396 | AH11: =Y11-Y10 -> -1.1 | AI11: =Z11-Z10 -> -1.4 | AJ11: =AA11-AA10 -> -1 | AK11: =AB11-AB10 -> -0.1 | AL11: =AC11-AC10 -> 0 | AM11: =AD11-AD10 -> 0 | AN11: =AG11-AG10 -> 0.01096043
C12: 體重 | D12: 體脂率 | E12: 脂肪重 | F12: 去脂重 | G12: 肌肉重 | H12: 水份kg | I12: 水份% | X12: 1121116 | Y12: 55.1 | Z12: 16 | AA12: 8.8 | AB12: 46.3 | AC12: 43.4 | AD12: 30.3 | AE12: =X11 -> 1121102 | AF12: =DATE(MID(X12,1,3)+1911,MID(X12,4,2),MID(X12,6,2)) -> 45246 | AG12: =1-(Y12-AD12)/Y12 -> 0.54990926 | AH12: =Y12-Y11 -> -0.4 | AI12: =Z12-Z11 -> 0.7 | AJ12: =AA12-AA11 -> 0.3 | AK12: =AB12-AB11 -> -0.7 | AL12: =AC12-AC11 -> -0.7 | AM12: =AD12-AD11 -> -1 | AN12: =AG12-AG11 -> -0.014054708
B13: =LOOKUP(B14,日期,上次量測) -> 1130307 | C13: =LOOKUP(B13,日期,體重_kg) -> 50.6 | D13: =LOOKUP(B13,日期,體脂率) -> 12.8 | E13: =LOOKUP(B13,日期,脂肪重_kg) -> 6.5 | F13: =LOOKUP(B13,日期,去脂重_kg) -> 44.1 | G13: =LOOKUP(B13,日期,肌肉量) -> 41.4 | H13: =LOOKUP(B13,日期,身體總水份kg) -> 28.6 | I13: =LOOKUP(B13,日期,身體總水份) -> 0.56521739 | X13: 1121123 | Y13: 55.1 | Z13: 16.2 | AA13: 8.9 | AB13: 46.2 | AC13: 43.3 | AD13: 30.5 | AE13: =X12 -> 1121116 | AF13: =DATE(MID(X13,1,3)+1911,MID(X13,4,2),MID(X13,6,2)) -> 45253 | AG13: =1-(Y13-AD13)/Y13 -> 0.55353902 | AH13: =Y13-Y12 -> 0 | AI13: =Z13-Z12 -> 0.2 | AJ13: =AA13-AA12 -> 0.1 | AK13: =AB13-AB12 -> -0.1 | AL13: =AC13-AC12 -> -0.1 | AM13: =AD13-AD12 -> 0.2 | AN13: =AG13-AG12 -> 0.0036297641
B14: =LOOKUP(B15,日期,上次量測) -> 1130328 | C14: =LOOKUP(B14,日期,體重_kg) -> 55.1 | D14: =LOOKUP(B14,日期,體脂率) -> 15.6 | E14: =LOOKUP(B14,日期,脂肪重_kg) -> 8.6 | F14: =LOOKUP(B14,日期,去脂重_kg) -> 46.5 | G14: =LOOKUP(B14,日期,肌肉量) -> 43.6 | H14: =LOOKUP(B14,日期,身體總水份kg) -> 31.2 | I14: =LOOKUP(B14,日期,身體總水份) -> 0.56624319 | X14: 1121130 | Y14: 54.1 | Z14: 14.1 | AA14: 7.6 | AB14: 46.5 | AC14: 43.6 | AD14: 30.5 | AE14: =X13 -> 1121123 | AF14: =DATE(MID(X14,1,3)+1911,MID(X14,4,2),MID(X14,6,2)) -> 45260 | AG14: =1-(Y14-AD14)/Y14 -> 0.56377079 | AH14: =Y14-Y13 -> -1 | AI14: =Z14-Z13 -> -2.1 | AJ14: =AA14-AA13 -> -1.3 | AK14: =AB14-AB13 -> 0.3 | AL14: =AC14-AC13 -> 0.3 | AM14: =AD14-AD13 -> 0 | AN14: =AG14-AG13 -> 0.010231775
B15: =LOOKUP(B16,日期,上次量測) -> 1130502 | C15: =LOOKUP(B15,日期,體重_kg) -> 55.5 | D15: =LOOKUP(B15,日期,體脂率) -> 16 | E15: =LOOKUP(B15,日期,脂肪重_kg) -> 8.9 | F15: =LOOKUP(B15,日期,去脂重_kg) -> 46.6 | G15: =LOOKUP(B15,日期,肌肉量) -> 43.7 | H15: =LOOKUP(B15,日期,身體總水份kg) -> 31.1 | I15: =LOOKUP(B15,日期,身體總水份) -> 0.56036036 | X15: 1121207 | Y15: 53.7 | Z15: 14.6 | AA15: 7.8 | AB15: 45.9 | AC15: 43.1 | AD15: 30.1 | AE15: =X14 -> 1121130 | AF15: =DATE(MID(X15,1,3)+1911,MID(X15,4,2),MID(X15,6,2)) -> 45267 | AG15: =1-(Y15-AD15)/Y15 -> 0.56052142 | AH15: =Y15-Y14 -> -0.4 | AI15: =Z15-Z14 -> 0.5 | AJ15: =AA15-AA14 -> 0.2 | AK15: =AB15-AB14 -> -0.6 | AL15: =AC15-AC14 -> -0.5 | AM15: =AD15-AD14 -> -0.4 | AN15: =AG15-AG14 -> -0.0032493796
B16: =LOOKUP(B17,日期,上次量測) -> 1130509 | C16: =LOOKUP(B16,日期,體重_kg) -> 55.2 | D16: =LOOKUP(B16,日期,體脂率) -> 17.2 | E16: =LOOKUP(B16,日期,脂肪重_kg) -> 9.5 | F16: =LOOKUP(B16,日期,去脂重_kg) -> 45.7 | G16: =LOOKUP(B16,日期,肌肉量) -> 42.9 | H16: =LOOKUP(B16,日期,身體總水份kg) -> 30.1 | I16: =LOOKUP(B16,日期,身體總水份) -> 0.54528986 | X16: 1121214 | Y16: 53.4 | Z16: 13.8 | AA16: 7.4 | AB16: 46 | AC16: 43.1 | AD16: 30.3 | AE16: =X15 -> 1121207 | AF16: =DATE(MID(X16,1,3)+1911,MID(X16,4,2),MID(X16,6,2)) -> 45274 | AG16: =1-(Y16-AD16)/Y16 -> 0.56741573 | AH16: =Y16-Y15 -> -0.3 | AI16: =Z16-Z15 -> -0.8 | AJ16: =AA16-AA15 -> -0.4 | AK16: =AB16-AB15 -> 0.1 | AL16: =AC16-AC15 -> 0 | AM16: =AD16-AD15 -> 0.2 | AN16: =AG16-AG15 -> 0.0068943151
B17: =LOOKUP(B18,日期,上次量測) -> 1130620 | C17: =LOOKUP(B17,日期,體重_kg) -> 56.5 | D17: =LOOKUP(B17,日期,體脂率) -> 17.4 | E17: =LOOKUP(B17,日期,脂肪重_kg) -> 9.8 | F17: =LOOKUP(B17,日期,去脂重_kg) -> 46.7 | G17: =LOOKUP(B17,日期,肌肉量) -> 43.8 | H17: =LOOKUP(B17,日期,身體總水份kg) -> 31.1 | I17: =LOOKUP(B17,日期,身體總水份) -> 0.55044248 | X17: 1121221 | Y17: 52.6 | Z17: 13 | AA17: 6.8 | AB17: 45.8 | AC17: 43 | AD17: 30 | AE17: =X16 -> 1121214 | AF17: =DATE(MID(X17,1,3)+1911,MID(X17,4,2),MID(X17,6,2)) -> 45281 | AG17: =1-(Y17-AD17)/Y17 -> 0.57034221 | AH17: =Y17-Y16 -> -0.8 | AI17: =Z17-Z16 -> -0.8 | AJ17: =AA17-AA16 -> -0.6 | AK17: =AB17-AB16 -> -0.2 | AL17: =AC17-AC16 -> -0.1 | AM17: =AD17-AD16 -> -0.3 | AN17: =AG17-AG16 -> 0.002926475
B18: =A3 -> 1140204 | C18: =LOOKUP(B18,日期,體重_kg) -> 55.4 | D18: =LOOKUP(B18,日期,體脂率) -> 16.9 | E18: =LOOKUP(B18,日期,脂肪重_kg) -> 9.4 | F18: =LOOKUP(B18,日期,去脂重_kg) -> 46 | G18: =LOOKUP(B18,日期,肌肉量) -> 43.1 | H18: =LOOKUP(B18,日期,身體總水份kg) -> 30.3 | I18: =LOOKUP(B18,日期,身體總水份) -> 0.54693141 | X18: 1121228 | Y18: 51.9 | Z18: 12.3 | AA18: 6.4 | AB18: 45.5 | AC18: 42.7 | AD18: 29.6 | AE18: =X17 -> 1121221 | AF18: =DATE(MID(X18,1,3)+1911,MID(X18,4,2),MID(X18,6,2)) -> 45288 | AG18: =1-(Y18-AD18)/Y18 -> 0.57032755 | AH18: =Y18-Y17 -> -0.7 | AI18: =Z18-Z17 -> -0.7 | AJ18: =AA18-AA17 -> -0.4 | AK18: =AB18-AB17 -> -0.3 | AL18: =AC18-AC17 -> -0.3 | AM18: =AD18-AD17 -> -0.4 | AN18: =AG18-AG17 -> -1.4652337e-05
X19: 1130104 | Y19: 51.2 | Z19: 12.4 | AA19: 6.3 | AB19: 44.9 | AC19: 42.1 | AD19: 29.1 | AE19: =X18 -> 1121228 | AF19: =DATE(MID(X19,1,3)+1911,MID(X19,4,2),MID(X19,6,2)) -> 45295 | AG19: =1-(Y19-AD19)/Y19 -> 0.56835938 | AH19: =Y19-Y18 -> -0.7 | AI19: =Z19-Z18 -> 0.1 | AJ19: =AA19-AA18 -> -0.1 | AK19: =AB19-AB18 -> -0.6 | AL19: =AC19-AC18 -> -0.6 | AM19: =AD19-AD18 -> -0.5 | AN19: =AG19-AG18 -> -0.001968178
X20: 1130111 | Y20: 50.8 | Z20: 11.7 | AA20: 5.9 | AB20: 44.9 | AC20: 42.1 | AD20: 29.1 | AE20: =X19 -> 1130104 | AF20: =DATE(MID(X20,1,3)+1911,MID(X20,4,2),MID(X20,6,2)) -> 45302 | AG20: =1-(Y20-AD20)/Y20 -> 0.57283465 | AH20: =Y20-Y19 -> -0.4 | AI20: =Z20-Z19 -> -0.7 | AJ20: =AA20-AA19 -> -0.4 | AK20: =AB20-AB19 -> 0 | AL20: =AC20-AC19 -> 0 | AM20: =AD20-AD19 -> 0 | AN20: =AG20-AG19 -> 0.0044752707
X21: 1130118 | Y21: 50.6 | Z21: 12.8 | AA21: 6.5 | AB21: 44.1 | AC21: 41.4 | AD21: 28.6 | AE21: =X20 -> 1130111 | AF21: =DATE(MID(X21,1,3)+1911,MID(X21,4,2),MID(X21,6,2)) -> 45309 | AG21: =1-(Y21-AD21)/Y21 -> 0.56521739 | AH21: =Y21-Y20 -> -0.2 | AI21: =Z21-Z20 -> 1.1 | AJ21: =AA21-AA20 -> 0.6 | AK21: =AB21-AB20 -> -0.8 | AL21: =AC21-AC20 -> -0.7 | AM21: =AD21-AD20 -> -0.5 | AN21: =AG21-AG20 -> -0.0076172544
X22: 1130124 | Y22: 49 | Z22: 12.2 | AA22: 6 | AB22: 43 | AC22: 40.4 | AD22: 27.8 | AE22: =X21 -> 1130118 | AF22: =DATE(MID(X22,1,3)+1911,MID(X22,4,2),MID(X22,6,2)) -> 45315 | AG22: =1-(Y22-AD22)/Y22 -> 0.56734694 | AH22: =Y22-Y21 -> -1.6 | AI22: =Z22-Z21 -> -0.6 | AJ22: =AA22-AA21 -> -0.5 | AK22: =AB22-AB21 -> -1.1 | AL22: =AC22-AC21 -> -1 | AM22: =AD22-AD21 -> -0.8 | AN22: =AG22-AG21 -> 0.0021295475
X23: 1130229 | Y23: 51.4 | Z23: 12.8 | AA23: 6.6 | AB23: 44.8 | AC23: 42 | AD23: 29.2 | AE23: =X22 -> 1130124 | AF23: =DATE(MID(X23,1,3)+1911,MID(X23,4,2),MID(X23,6,2)) -> 45351 | AG23: =1-(Y23-AD23)/Y23 -> 0.56809339 | AH23: =Y23-Y22 -> 2.4 | AI23: =Z23-Z22 -> 0.6 | AJ23: =AA23-AA22 -> 0.6 | AK23: =AB23-AB22 -> 1.8 | AL23: =AC23-AC22 -> 1.6 | AM23: =AD23-AD22 -> 1.4 | AN23: =AG23-AG22 -> 0.00074644644
X24: 1130307 | Y24: 50.6 | Z24: 12.8 | AA24: 6.5 | AB24: 44.1 | AC24: 41.4 | AD24: 28.6 | AE24: =X23 -> 1130229 | AF24: =DATE(MID(X24,1,3)+1911,MID(X24,4,2),MID(X24,6,2)) -> 45358 | AG24: =1-(Y24-AD24)/Y24 -> 0.56521739 | AH24: =Y24-Y23 -> -0.8 | AI24: =Z24-Z23 -> 0 | AJ24: =AA24-AA23 -> -0.1 | AK24: =AB24-AB23 -> -0.7 | AL24: =AC24-AC23 -> -0.6 | AM24: =AD24-AD23 -> -0.6 | AN24: =AG24-AG23 -> -0.0028759939
X25: 1130328 | Y25: 55.1 | Z25: 15.6 | AA25: 8.6 | AB25: 46.5 | AC25: 43.6 | AD25: 31.2 | AE25: =X24 -> 1130307 | AF25: =DATE(MID(X25,1,3)+1911,MID(X25,4,2),MID(X25,6,2)) -> 45379 | AG25: =1-(Y25-AD25)/Y25 -> 0.56624319 | AH25: =Y25-Y24 -> 4.5 | AI25: =Z25-Z24 -> 2.8 | AJ25: =AA25-AA24 -> 2.1 | AK25: =AB25-AB24 -> 2.4 | AL25: =AC25-AC24 -> 2.2 | AM25: =AD25-AD24 -> 2.6 | AN25: =AG25-AG24 -> 0.0010258029
X26: 1130502 | Y26: 55.5 | Z26: 16 | AA26: 8.9 | AB26: 46.6 | AC26: 43.7 | AD26: 31.1 | AE26: =X25 -> 1130328 | AF26: =DATE(MID(X26,1,3)+1911,MID(X26,4,2),MID(X26,6,2)) -> 45414 | AG26: =1-(Y26-AD26)/Y26 -> 0.56036036 | AH26: =Y26-Y25 -> 0.4 | AI26: =Z26-Z25 -> 0.4 | AJ26: =AA26-AA25 -> 0.3 | AK26: =AB26-AB25 -> 0.1 | AL26: =AC26-AC25 -> 0.1 | AM26: =AD26-AD25 -> -0.1 | AN26: =AG26-AG25 -> -0.0058828338
X27: 1130509 | Y27: 55.2 | Z27: 17.2 | AA27: 9.5 | AB27: 45.7 | AC27: 42.9 | AD27: 30.1 | AE27: =X26 -> 1130502 | AF27: =DATE(MID(X27,1,3)+1911,MID(X27,4,2),MID(X27,6,2)) -> 45421 | AG27: =1-(Y27-AD27)/Y27 -> 0.54528986 | AH27: =Y27-Y26 -> -0.3 | AI27: =Z27-Z26 -> 1.2 | AJ27: =AA27-AA26 -> 0.6 | AK27: =AB27-AB26 -> -0.9 | AL27: =AC27-AC26 -> -0.8 | AM27: =AD27-AD26 -> -1 | AN27: =AG27-AG26 -> -0.015070505
X28: 1130620 | Y28: 56.5 | Z28: 17.4 | AA28: 9.8 | AB28: 46.7 | AC28: 43.8 | AD28: 31.1 | AE28: =X27 -> 1130509 | AF28: =DATE(MID(X28,1,3)+1911,MID(X28,4,2),MID(X28,6,2)) -> 45463 | AG28: =1-(Y28-AD28)/Y28 -> 0.55044248 | AH28: =Y28-Y27 -> 1.3 | AI28: =Z28-Z27 -> 0.2 | AJ28: =AA28-AA27 -> 0.3 | AK28: =AB28-AB27 -> 1 | AL28: =AC28-AC27 -> 0.9 | AM28: =AD28-AD27 -> 1 | AN28: =AG28-AG27 -> 0.0051526228
X29: 1140204 | Y29: 55.4 | Z29: 16.9 | AA29: 9.4 | AB29: 46 | AC29: 43.1 | AD29: 30.3 | AE29: =X28 -> 1130620 | AF29: =DATE(MID(X29,1,3)+1911,MID(X29,4,2),MID(X29,6,2)) -> 45692 | AG29: =1-(Y29-AD29)/Y29 -> 0.54693141 | AH29: =Y29-Y28 -> -1.1 | AI29: =Z29-Z28 -> -0.5 | AJ29: =AA29-AA28 -> -0.4 | AK29: =AB29-AB28 -> -0.7 | AL29: =AC29-AC28 -> -0.7 | AM29: =AD29-AD28 -> -0.8 | AN29: =AG29-AG28 -> -0.0035110699
AE30: =X29 -> 1140204 | AF30: =DATE(MID(X30,1,3)+1911,MID(X30,4,2),MID(X30,6,2)) -> #VALUE! | AG30: =1-(Y30-AD30)/Y30 -> #DIV/0! | AH30: =Y30-Y29 -> -55.4 | AI30: =Z30-Z29 -> -16.9 | AJ30: =AA30-AA29 -> -9.4 | AK30: =AB30-AB29 -> -46 | AL30: =AC30-AC29 -> -43.1 | AM30: =AD30-AD29 -> -30.3 | AN30: =AG30-AG29 -> #DIV/0!
AE31: =X30 -> 0 | AF31: =DATE(MID(X31,1,3)+1911,MID(X31,4,2),MID(X31,6,2)) -> #VALUE! | AG31: =1-(Y31-AD31)/Y31 -> #DIV/0! | AH31: =Y31-Y30 -> 0 | AI31: =Z31-Z30 -> 0 | AJ31: =AA31-AA30 -> 0 | AK31: =AB31-AB30 -> 0 | AL31: =AC31-AC30 -> 0 | AM31: =AD31-AD30 -> 0 | AN31: =AG31-AG30 -> #DIV/0!
AE32: =X31 -> 0 | AF32: =DATE(MID(X32,1,3)+1911,MID(X32,4,2),MID(X32,6,2)) -> #VALUE! | AG32: =1-(Y32-AD32)/Y32 -> #DIV/0! | AH32: =Y32-Y31 -> 0 | AI32: =Z32-Z31 -> 0 | AJ32: =AA32-AA31 -> 0 | AK32: =AB32-AB31 -> 0 | AL32: =AC32-AC31 -> 0 | AM32: =AD32-AD31 -> 0 | AN32: =AG32-AG31 -> #DIV/0!
AE33: =X32 -> 0 | AF33: =DATE(MID(X33,1,3)+1911,MID(X33,4,2),MID(X33,6,2)) -> #VALUE! | AG33: =1-(Y33-AD33)/Y33 -> #DIV/0! | AH33: =Y33-Y32 -> 0 | AI33: =Z33-Z32 -> 0 | AJ33: =AA33-AA32 -> 0 | AK33: =AB33-AB32 -> 0 | AL33: =AC33-AC32 -> 0 | AM33: =AD33-AD32 -> 0 | AN33: =AG33-AG32 -> #DIV/0!
AE34: =X33 -> 0 | AF34: =DATE(MID(X34,1,3)+1911,MID(X34,4,2),MID(X34,6,2)) -> #VALUE! | AG34: =1-(Y34-AD34)/Y34 -> #DIV/0! | AH34: =Y34-Y33 -> 0 | AI34: =Z34-Z33 -> 0 | AJ34: =AA34-AA33 -> 0 | AK34: =AB34-AB33 -> 0 | AL34: =AC34-AC33 -> 0 | AM34: =AD34-AD33 -> 0 | AN34: =AG34-AG33 -> #DIV/0!
AE35: =X34 -> 0 | AF35: =DATE(MID(X35,1,3)+1911,MID(X35,4,2),MID(X35,6,2)) -> #VALUE! | AG35: =1-(Y35-AD35)/Y35 -> #DIV/0! | AH35: =Y35-Y34 -> 0 | AI35: =Z35-Z34 -> 0 | AJ35: =AA35-AA34 -> 0 | AK35: =AB35-AB34 -> 0 | AL35: =AC35-AC34 -> 0 | AM35: =AD35-AD34 -> 0 | AN35: =AG35-AG34 -> #DIV/0!
AE36: =X35 -> 0 | AF36: =DATE(MID(X36,1,3)+1911,MID(X36,4,2),MID(X36,6,2)) -> #VALUE! | AG36: =1-(Y36-AD36)/Y36 -> #DIV/0! | AH36: =Y36-Y35 -> 0 | AI36: =Z36-Z35 -> 0 | AJ36: =AA36-AA35 -> 0 | AK36: =AB36-AB35 -> 0 | AL36: =AC36-AC35 -> 0 | AM36: =AD36-AD35 -> 0 | AN36: =AG36-AG35 -> #DIV/0!
AE37: =X36 -> 0 | AF37: =DATE(MID(X37,1,3)+1911,MID(X37,4,2),MID(X37,6,2)) -> #VALUE! | AG37: =1-(Y37-AD37)/Y37 -> #DIV/0! | AH37: =Y37-Y36 -> 0 | AI37: =Z37-Z36 -> 0 | AJ37: =AA37-AA36 -> 0 | AK37: =AB37-AB36 -> 0 | AL37: =AC37-AC36 -> 0 | AM37: =AD37-AD36 -> 0 | AN37: =AG37-AG36 -> #DIV/0!
AE38: =X37 -> 0 | AF38: =DATE(MID(X38,1,3)+1911,MID(X38,4,2),MID(X38,6,2)) -> #VALUE! | AG38: =1-(Y38-AD38)/Y38 -> #DIV/0! | AH38: =Y38-Y37 -> 0 | AI38: =Z38-Z37 -> 0 | AJ38: =AA38-AA37 -> 0 | AK38: =AB38-AB37 -> 0 | AL38: =AC38-AC37 -> 0 | AM38: =AD38-AD37 -> 0 | AN38: =AG38-AG37 -> #DIV/0!
AE39: =X38 -> 0 | AF39: =DATE(MID(X39,1,3)+1911,MID(X39,4,2),MID(X39,6,2)) -> #VALUE! | AG39: =1-(Y39-AD39)/Y39 -> #DIV/0! | AH39: =Y39-Y38 -> 0 | AI39: =Z39-Z38 -> 0 | AJ39: =AA39-AA38 -> 0 | AK39: =AB39-AB38 -> 0 | AL39: =AC39-AC38 -> 0 | AM39: =AD39-AD38 -> 0 | AN39: =AG39-AG38 -> #DIV/0!
AE40: =X39 -> 0 | AF40: =DATE(MID(X40,1,3)+1911,MID(X40,4,2),MID(X40,6,2)) -> #VALUE! | AG40: =1-(Y40-AD40)/Y40 -> #DIV/0! | AH40: =Y40-Y39 -> 0 | AI40: =Z40-Z39 -> 0 | AJ40: =AA40-AA39 -> 0 | AK40: =AB40-AB39 -> 0 | AL40: =AC40-AC39 -> 0 | AM40: =AD40-AD39 -> 0 | AN40: =AG40-AG39 -> #DIV/0!
AE41: =X40 -> 0 | AF41: =DATE(MID(X41,1,3)+1911,MID(X41,4,2),MID(X41,6,2)) -> #VALUE! | AG41: =1-(Y41-AD41)/Y41 -> #DIV/0! | AH41: =Y41-Y40 -> 0 | AI41: =Z41-Z40 -> 0 | AJ41: =AA41-AA40 -> 0 | AK41: =AB41-AB40 -> 0 | AL41: =AC41-AC40 -> 0 | AM41: =AD41-AD40 -> 0 | AN41: =AG41-AG40 -> #DIV/0!
... AE55: =X54 -> 0 | AF55: =DATE(MID(X55,1,3)+1911,MID(X55,4,2),MID(X55,6,2)) -> #VALUE! | AG55: =1-(Y55-AD55)/Y55 -> #DIV/0! | AH55: =Y55-Y54 -> 0 | AI55: =Z55-Z54 -> 0 | AJ55: =AA55-AA54 -> 0 | AK55: =AB55-AB54 -> 0 | AL55: =AC55-AC54 -> 0 | AM55: =AD55-AD54 -> 0 | AN55: =AG55-AG54 -> #DIV/0!

Sheet 羅嘉翎
A1: 量測日期 | B1: 上次量測 | C1: 姓名 | D1: 性別 | E1: 體重 | H1: 體脂率 | K1: 脂肪重 | N1: 去脂肪重 | Q1: 肌肉重 | T1: 總水份 | X1: 日期 | Y1: 體重(kg) | Z1: 體脂率(%) | AA1: 脂肪重(kg) | AB1: 去脂重(kg) | AC1: 肌肉量 | AD1: 身體總水份kg | AE1: 上次量測 | AF1: 星期 | AG1: 身體總水份% | AH1: 體重變化 | AI1: 體脂率變化 | AJ1: 脂肪重變化 | AK1: 去脂重變化 | AL1: 肌肉量變化 | AM1: 水分變化KG | AN1: 水分變化%
A2: "選取" | E2: 體重 | F2: 變化 | G2: 區間 | H2: 體脂率 | I2: 變化 | J2: 區間 | K2: 脂肪重 | L2: 變化 | M2: 區間 | N2: 去脂重 | O2: 變化 | P2: 區間 | Q2: 肌肉重 | R2: 變化 | S2: 區間 | T2: 總水份 | U2: 變化 | V2: 變化% | W2: 區間 | X2: {=_xlfn._xlws.SORT(_xlfn._xlws.FILTER(資料輸入!F:L, ISNUMBER(MATCH(資料輸入!E:E, 羅嘉翎!C3, 0))), 1, TRUE)} -> 1120201 | Y2: 60.9 | Z2: 20 | AA2: 12.2 | AB2: 48.7 | AC2: 45.6 | AD2: 30.7 | AF2: =DATE(MID(X2,1,3)+1911,MID(X2,4,2),MID(X2,6,2)) -> 44958 | AG2: =1-(Y2-AD2)/Y2 -> 0.50410509
A3: =MAX(X:X) -> 1140102 | B3: =K6&J7 -> 1周前 | C3: 羅嘉翎 | D3: 女 | E3: =LOOKUP($A$3,日期,體重_kg) -> 62.2 | F3: =LOOKUP($A$3,日期,體重變化) -> -2.5 | G3: =IF(E3<C8,"Q1",IF(E3<C9,"Q2",IF(E3<C10,"Q3",IF(E3<3000,"Q4")))) -> Q2 | H3: =LOOKUP($A$3,日期,體脂率) -> 21.2 | I3: =LOOKUP($A$3,日期,體脂率變化) -> -3.3 | J3: =IF(H3<D8,"Q1",IF(H3<D9,"Q2",IF(H3<D10,"Q3",IF(H3<3000,"Q4")))) -> Q2 | K3: =LOOKUP($A$3,日期,脂肪重_kg) -> 13.2 | L3: =LOOKUP($A$3,日期,脂肪重變化) -> -2.7 | M3: =IF(K3<E8,"Q1",IF(K3<E9,"Q2",IF(K3<E10,"Q3",IF(K3<3000,"Q4")))) -> Q2 | N3: =LOOKUP($A$3,日期,去脂重_kg) -> 49 | O3: =LOOKUP($A$3,日期,去脂重變化) -> 0.2 | P3: =IF(N3<F8,"Q1",IF(N3<F9,"Q2",IF(N3<F10,"Q3",IF(N3<3000,"Q4")))) -> Q2 | Q3: =LOOKUP($A$3,日期,肌肉量) -> 45.9 | R3: =LOOKUP($A$3,日期,肌肉量變化) -> 0.2 | S3: =IF(Q3<G8,"Q1",IF(Q3<G9,"Q2",IF(Q3<G10,"Q3",IF(Q3<3000,"Q4")))) -> Q2 | T3: =LOOKUP($A$3,日期,身體總水份kg) -> 31.5 | U3: =LOOKUP($A$3,日期,水分變化KG) -> -0.3 | V3: =LOOKUP($A$3,日期,水分變化) -> 0.014931641 | W3: =IF(T3<H8,"Q1",IF(T3<H9,"Q2",IF(T3<H10,"Q3",IF(T3<3000,"Q4")))) -> Q2 | X3: 1120413 | Y3: 63.5 | Z3: 21.9 | AA3: 13.9 | AB3: 49.6 | AC3: 46.4 | AD3: 32.5 | AE3: =X2 -> 1120201 | AF3: =DATE(MID(X3,1,3)+1911,MID(X3,4,2),MID(X3,6,2)) -> 45029 | AG3: =1-(Y3-AD3)/Y3 -> 0.51181102 | AH3: =Y3-Y2 -> 2.6 | AI3: =Z3-Z2 -> 1.9 | AJ3: =AA3-AA2 -> 1.7 | AK3: =AB3-AB2 -> 0.9 | AL3: =AC3-AC2 -> 0.8 | AM3: =AD3-AD2 -> 1.8 | AN3: =AG3-AG2 -> 0.0077059333
A4: =DATE(MID(A3,1,3)+1911,MID(A3,4,2),MID(A3,6,2)) -> 45659 | B4: =DATE(MID(B17,1,3)+1911,MID(B17,4,2),MID(B17,6,2)) -> 45652 | X4: 1120504 | Y4: 61.1 | Z4: 21.3 | AA4: 13 | AB4: 48.1 | AC4: 45.1 | AD4: 30.5 | AE4: =X3 -> 1120413 | AF4: =DATE(MID(X4,1,3)+1911,MID(X4,4,2),MID(X4,6,2)) -> 45050 | AG4: =1-(Y4-AD4)/Y4 -> 0.49918167 | AH4: =Y4-Y3 -> -2.4 | AI4: =Z4-Z3 -> -0.6 | AJ4: =AA4-AA3 -> -0.9 | AK4: =AB4-AB3 -> -1.5 | AL4: =AC4-AC3 -> -1.3 | AM4: =AD4-AD3 -> -2 | AN4: =AG4-AG3 -> -0.012629354
C5: 體重 | D5: 體脂率 | E5: 脂肪重 | F5: 去脂重 | G5: 肌肉重 | H5: 總水份 | X5: 1120512 | Y5: 61.4 | Z5: 19.7 | AA5: 12.1 | AB5: 49.3 | AC5: 46.2 | AD5: 31.7 | AE5: =X4 -> 1120504 | AF5: =DATE(MID(X5,1,3)+1911,MID(X5,4,2),MID(X5,6,2)) -> 45058 | AG5: =1-(Y5-AD5)/Y5 -> 0.51628664 | AH5: =Y5-Y4 -> 0.3 | AI5: =Z5-Z4 -> -1.6 | AJ5: =AA5-AA4 -> -0.9 | AK5: =AB5-AB4 -> 1.2 | AL5: =AC5-AC4 -> 1.1 | AM5: =AD5-AD4 -> 1.2 | AN5: =AG5-AG4 -> 0.017104976
B6: Q1 | C6: =_xlfn.QUARTILE.INC(Y:Y,1) -> 60.875 | D6: =_xlfn.QUARTILE.INC(Z:Z,1) -> 20 | E6: =_xlfn.QUARTILE.INC(AA:AA,1) -> 12.175 | F6: =_xlfn.QUARTILE.INC(AB:AB,1) -> 48 | G6: =_xlfn.QUARTILE.INC(AC:AC,1) -> 45 | H6: =_xlfn.QUARTILE.INC(AD:AD,1) -> 30.775 | J6: =A4-B4 -> 7 | K6: =ROUND(K7,0) -> 1 | X6: 1120516 | Y6: 61.6 | Z6: 20.7 | AA6: 12.8 | AB6: 48.8 | AC6: 45.7 | AD6: 31.4 | AE6: =X5 -> 1120512 | AF6: =DATE(MID(X6,1,3)+1911,MID(X6,4,2),MID(X6,6,2)) -> 45062 | AG6: =1-(Y6-AD6)/Y6 -> 0.50974026 | AH6: =Y6-Y5 -> 0.2 | AI6: =Z6-Z5 -> 1 | AJ6: =AA6-AA5 -> 0.7 | AK6: =AB6-AB5 -> -0.5 | AL6: =AC6-AC5 -> -0.5 | AM6: =AD6-AD5 -> -0.3 | AN6: =AG6-AG5 -> -0.0065463852
B7: =C3 -> 羅嘉翎 | C7: =E3 -> 62.2 | D7: =H3 -> 21.2 | E7: =K3 -> 13.2 | F7: =N3 -> 49 | G7: =Q3 -> 45.9 | H7: =T3 -> 31.5 | J7: 周前 | K7: =J6/7 -> 1 | X7: 1120616 | Y7: 62.9 | Z7: 20.8 | AA7: 13.1 | AB7: 49.8 | AC7: 46.6 | AD7: 32.3 | AE7: =X6 -> 1120516 | AF7: =DATE(MID(X7,1,3)+1911,MID(X7,4,2),MID(X7,6,2)) -> 45093 | AG7: =1-(Y7-AD7)/Y7 -> 0.51351351 | AH7: =Y7-Y6 -> 1.3 | AI7: =Z7-Z6 -> 0.1 | AJ7: =AA7-AA6 -> 0.3 | AK7: =AB7-AB6 -> 1 | AL7: =AC7-AC6 -> 0.9 | AM7: =AD7-AD6 -> 0.9 | AN7: =AG7-AG6 -> 0.0037732538
A8: 低 | B8: Q2 | C8: =_xlfn.QUARTILE.INC(Y:Y,2) -> 61.6 | D8: =_xlfn.QUARTILE.INC(Z:Z,2) -> 21.05 | E8: =_xlfn.QUARTILE.INC(AA:AA,2) -> 13.1 | F8: =_xlfn.QUARTILE.INC(AB:AB,2) -> 48.8 | G8: =_xlfn.QUARTILE.INC(AC:AC,2) -> 45.7 | H8: =_xlfn.QUARTILE.INC(AD:AD,2) -> 31.45 | X8: 1120617 | Y8: 63 | Z8: 19.8 | AA8: 12.5 | AB8: 50.4 | AC8: 47 | AD8: 33 | AE8: =X7 -> 1120616 | AF8: =DATE(MID(X8,1,3)+1911,MID(X8,4,2),MID(X8,6,2)) -> 45094 | AG8: =1-(Y8-AD8)/Y8 -> 0.52380952 | AH8: =Y8-Y7 -> 0.1 | AI8: =Z8-Z7 -> -1 | AJ8: =AA8-AA7 -> -0.6 | AK8: =AB8-AB7 -> 0.6 | AL8: =AC8-AC7 -> 0.4 | AM8: =AD8-AD7 -> 0.7 | AN8: =AG8-AG7 -> 0.01029601
A9: 中等 | B9: Q3 | C9: =_xlfn.QUARTILE.INC(Y:Y,3) -> 63 | D9: =_xlfn.QUARTILE.INC(Z:Z,3) -> 22.425 | E9: =_xlfn.QUARTILE.INC(AA:AA,3) -> 13.95 | F9: =_xlfn.QUARTILE.INC(AB:AB,3) -> 49.3 | G9: =_xlfn.QUARTILE.INC(AC:AC,3) -> 46.2 | H9: =_xlfn.QUARTILE.INC(AD:AD,3) -> 31.9 | X9: 1120620 | Y9: 62.9 | Z9: 20.9 | AA9: 13.1 | AB9: 49.8 | AC9: 46.6 | AD9: 32 | AE9: =X8 -> 1120617 | AF9: =DATE(MID(X9,1,3)+1911,MID(X9,4,2),MID(X9,6,2)) -> 45097 | AG9: =1-(Y9-AD9)/Y9 -> 0.50874404 | AH9: =Y9-Y8 -> -0.1 | AI9: =Z9-Z8 -> 1.1 | AJ9: =AA9-AA8 -> 0.6 | AK9: =AB9-AB8 -> -0.6 | AL9: =AC9-AC8 -> -0.4 | AM9: =AD9-AD8 -> -1 | AN9: =AG9-AG8 -> -0.015065486
A10: 高 | B10: Q4 | C10: =_xlfn.QUARTILE.INC(Y:Y,4) -> 65.4 | D10: =_xlfn.QUARTILE.INC(Z:Z,4) -> 25.9 | E10: =_xlfn.QUARTILE.INC(AA:AA,4) -> 16.9 | F10: =_xlfn.QUARTILE.INC(AB:AB,4) -> 50.4 | G10: =_xlfn.QUARTILE.INC(AC:AC,4) -> 47 | H10: =_xlfn.QUARTILE.INC(AD:AD,4) -> 33 | X10: 1120626 | Y10: 62.9 | Z10: 21.3 | AA10: 13.4 | AB10: 49.5 | AC10: 46.3 | AD10: 32.3 | AE10: =X9 -> 1120620 | AF10: =DATE(MID(X10,1,3)+1911,MID(X10,4,2),MID(X10,6,2)) -> 45103 | AG10: =1-(Y10-AD10)/Y10 -> 0.51351351 | AH10: =Y10-Y9 -> 0 | AI10: =Z10-Z9 -> 0.4 | AJ10: =AA10-AA9 -> 0.3 | AK10: =AB10-AB9 -> -0.3 | AL10: =AC10-AC9 -> -0.3 | AM10: =AD10-AD9 -> 0.3 | AN10: =AG10-AG9 -> 0.0047694754
X11: 1120629 | Y11: 63 | Z11: 20.9 | AA11: 13.2 | AB11: 49.8 | AC11: 46.6 | AD11: 32.4 | AE11: =X10 -> 1120626 | AF11: =DATE(MID(X11,1,3)+1911,MID(X11,4,2),MID(X11,6,2)) -> 45106 | AG11: =1-(Y11-AD11)/Y11 -> 0.51428571 | AH11: =Y11-Y10 -> 0.1 | AI11: =Z11-Z10 -> -0.4 | AJ11: =AA11-AA10 -> -0.2 | AK11: =AB11-AB10 -> 0.3 | AL11: =AC11-AC10 -> 0.3 | AM11: =AD11-AD10 -> 0.1 | AN11: =AG11-AG10 -> 0.00077220077
C12: 體重 | D12: 體脂率 | E12: 脂肪重 | F12: 去脂重 | G12: 肌肉重 | H12: 水份kg | I12: 水份% | X12: 1120717 | Y12: 62 | Z12: 20.9 | AA12: 13 | AB12: 49 | AC12: 45.9 | AD12: 31.8 | AE12: =X11 -> 1120629 | AF12: =DATE(MID(X12,1,3)+1911,MID(X12,4,2),MID(X12,6,2)) -> 45124 | AG12: =1-(Y12-AD12)/Y12 -> 0.51290323 | AH12: =Y12-Y11 -> -1 | AI12: =Z12-Z11 -> 0 | AJ12: =AA12-AA11 -> -0.2 | AK12: =AB12-AB11 -> -0.8 | AL12: =AC12-AC11 -> -0.7 | AM12: =AD12-AD11 -> -0.6 | AN12: =AG12-AG11 -> -0.0013824885
B13: =LOOKUP(B14,日期,上次量測) -> 1130712 | C13: =LOOKUP(B13,日期,體重_kg) -> 60.8 | D13: =LOOKUP(B13,日期,體脂率) -> 21.6 | E13: =LOOKUP(B13,日期,脂肪重_kg) -> 13.1 | F13: =LOOKUP(B13,日期,去脂重_kg) -> 47.7 | G13: =LOOKUP(B13,日期,肌肉量) -> 44.7 | H13: =LOOKUP(B13,日期,身體總水份kg) -> 30.7 | I13: =LOOKUP(B13,日期,身體總水份) -> 0.50493421 | X13: 1120719 | Y13: 61.1 | Z13: 19.7 | AA13: 12 | AB13: 49.1 | AC13: 46 | AD13: 31.5 | AE13: =X12 -> 1120717 | AF13: =DATE(MID(X13,1,3)+1911,MID(X13,4,2),MID(X13,6,2)) -> 45126 | AG13: =1-(Y13-AD13)/Y13 -> 0.51554828 | AH13: =Y13-Y12 -> -0.9 | AI13: =Z13-Z12 -> -1.2 | AJ13: =AA13-AA12 -> -1 | AK13: =AB13-AB12 -> 0.1 | AL13: =AC13-AC12 -> 0.1 | AM13: =AD13-AD12 -> -0.3 | AN13: =AG13-AG12 -> 0.0026450557
B14: =LOOKUP(B15,日期,上次量測) -> 1130719 | C14: =LOOKUP(B14,日期,體重_kg) -> 61 | D14: =LOOKUP(B14,日期,體脂率) -> 22.4 | E14: =LOOKUP(B14,日期,脂肪重_kg) -> 13.7 | F14: =LOOKUP(B14,日期,去脂重_kg) -> 47.3 | G14: =LOOKUP(B14,日期,肌肉量) -> 44.3 | H14: =LOOKUP(B14,日期,身體總水份kg) -> 30.5 | I14: =LOOKUP(B14,日期,身體總水份) -> 0.5 | X14: 1120720 | Y14: 60.3 | Z14: 19.7 | AA14: 11.9 | AB14: 48.4 | AC14: 45.3 | AD14: 30.9 | AE14: =X13 -> 1120719 | AF14: =DATE(MID(X14,1,3)+1911,MID(X14,4,2),MID(X14,6,2)) -> 45127 | AG14: =1-(Y14-AD14)/Y14 -> 0.51243781 | AH14: =Y14-Y13 -> -0.8 | AI14: =Z14-Z13 -> 0 | AJ14: =AA14-AA13 -> -0.1 | AK14: =AB14-AB13 -> -0.7 | AL14: =AC14-AC13 -> -0.7 | AM14: =AD14-AD13 -> -0.6 | AN14: =AG14-AG13 -> -0.0031104706
B15: =LOOKUP(B16,日期,上次量測) -> 1130730 | C15: =LOOKUP(B15,日期,體重_kg) -> 59.2 | D15: =LOOKUP(B15,日期,體脂率) -> 21.9 | E15: =LOOKUP(B15,日期,脂肪重_kg) -> 13 | F15: =LOOKUP(B15,日期,去脂重_kg) -> 46.2 | G15: =LOOKUP(B15,日期,肌肉量) -> 43.3 | H15: =LOOKUP(B15,日期,身體總水份kg) -> 29.5 | I15: =LOOKUP(B15,日期,身體總水份) -> 0.49831081 | X15: 1120724 | Y15: 60.7 | Z15: 18.8 | AA15: 11.4 | AB15: 49.3 | AC15: 46.2 | AD15: 31.6 | AE15: =X14 -> 1120720 | AF15: =DATE(MID(X15,1,3)+1911,MID(X15,4,2),MID(X15,6,2)) -> 45131 | AG15: =1-(Y15-AD15)/Y15 -> 0.52059308 | AH15: =Y15-Y14 -> 0.4 | AI15: =Z15-Z14 -> -0.9 | AJ15: =AA15-AA14 -> -0.5 | AK15: =AB15-AB14 -> 0.9 | AL15: =AC15-AC14 -> 0.9 | AM15: =AD15-AD14 -> 0.7 | AN15: =AG15-AG14 -> 0.0081552698
B16: =LOOKUP(B17,日期,上次量測) -> 1131219 | C16: =LOOKUP(B16,日期,體重_kg) -> 65.4 | D16: =LOOKUP(B16,日期,體脂率) -> 25.9 | E16: =LOOKUP(B16,日期,脂肪重_kg) -> 16.9 | F16: =LOOKUP(B16,日期,去脂重_kg) -> 48.5 | G16: =LOOKUP(B16,日期,肌肉量) -> 45.4 | H16: =LOOKUP(B16,日期,身體總水份kg) -> 31.7 | I16: =LOOKUP(B16,日期,身體總水份) -> 0.48470948 | X16: 1120726 | Y16: 60 | Z16: 20.2 | AA16: 12.1 | AB16: 47.9 | AC16: 44.9 | AD16: 30.7 | AE16: =X15 -> 1120724 | AF16: =DATE(MID(X16,1,3)+1911,MID(X16,4,2),MID(X16,6,2)) -> 45133 | AG16: =1-(Y16-AD16)/Y16 -> 0.51166667 | AH16: =Y16-Y15 -> -0.7 | AI16: =Z16-Z15 -> 1.4 | AJ16: =AA16-AA15 -> 0.7 | AK16: =AB16-AB15 -> -1.4 | AL16: =AC16-AC15 -> -1.3 | AM16: =AD16-AD15 -> -0.9 | AN16: =AG16-AG15 -> -0.0089264141
B17: =LOOKUP(B18,日期,上次量測) -> 1131226 | C17: =LOOKUP(B17,日期,體重_kg) -> 64.7 | D17: =LOOKUP(B17,日期,體脂率) -> 24.5 | E17: =LOOKUP(B17,日期,脂肪重_kg) -> 15.9 | F17: =LOOKUP(B17,日期,去脂重_kg) -> 48.8 | G17: =LOOKUP(B17,日期,肌肉量) -> 45.7 | H17: =LOOKUP(B17,日期,身體總水份kg) -> 31.8 | I17: =LOOKUP(B17,日期,身體總水份) -> 0.49149923 | X17: 1120811 | Y17: 62.4 | Z17: 21.7 | AA17: 13.5 | AB17: 48.9 | AC17: 45.8 | AD17: 31.9 | AE17: =X16 -> 1120726 | AF17: =DATE(MID(X17,1,3)+1911,MID(X17,4,2),MID(X17,6,2)) -> 45149 | AG17: =1-(Y17-AD17)/Y17 -> 0.51121795 | AH17: =Y17-Y16 -> 2.4 | AI17: =Z17-Z16 -> 1.5 | AJ17: =AA17-AA16 -> 1.4 | AK17: =AB17-AB16 -> 1 | AL17: =AC17-AC16 -> 0.9 | AM17: =AD17-AD16 -> 1.2 | AN17: =AG17-AG16 -> -0.00044871795
B18: =A3 -> 1140102 | C18: =LOOKUP(B18,日期,體重_kg) -> 62.2 | D18: =LOOKUP(B18,日期,體脂率) -> 21.2 | E18: =LOOKUP(B18,日期,脂肪重_kg) -> 13.2 | F18: =LOOKUP(B18,日期,去脂重_kg) -> 49 | G18: =LOOKUP(B18,日期,肌肉量) -> 45.9 | H18: =LOOKUP(B18,日期,身體總水份kg) -> 31.5 | I18: =LOOKUP(B18,日期,身體總水份) -> 0.50643087 | X18: 1120814 | Y18: 61.8 | Z18: 20.7 | AA18: 12.8 | AB18: 49 | AC18: 45.9 | AD18: 31.4 | AE18: =X17 -> 1120811 | AF18: =DATE(MID(X18,1,3)+1911,MID(X18,4,2),MID(X18,6,2)) -> 45152 | AG18: =1-(Y18-AD18)/Y18 -> 0.50809061 | AH18: =Y18-Y17 -> -0.6 | AI18: =Z18-Z17 -> -1 | AJ18: =AA18-AA17 -> -0.7 | AK18: =AB18-AB17 -> 0.1 | AL18: =AC18-AC17 -> 0.1 | AM18: =AD18-AD17 -> -0.5 | AN18: =AG18-AG17 -> -0.0031273338
X19: 1120817 | Y19: 61.6 | Z19: 20.1 | AA19: 12.4 | AB19: 49.2 | AC19: 46.1 | AD19: 31.3 | AE19: =X18 -> 1120814 | AF19: =DATE(MID(X19,1,3)+1911,MID(X19,4,2),MID(X19,6,2)) -> 45155 | AG19: =1-(Y19-AD19)/Y19 -> 0.50811688 | AH19: =Y19-Y18 -> -0.2 | AI19: =Z19-Z18 -> -0.6 | AJ19: =AA19-AA18 -> -0.4 | AK19: =AB19-AB18 -> 0.2 | AL19: =AC19-AC18 -> 0.2 | AM19: =AD19-AD18 -> -0.1 | AN19: =AG19-AG18 -> 2.626823e-05
X20: 1120822 | Y20: 60.6 | Z20: 20 | AA20: 12.1 | AB20: 48.5 | AC20: 45.4 | AD20: 31.2 | AE20: =X19 -> 1120817 | AF20: =DATE(MID(X20,1,3)+1911,MID(X20,4,2),MID(X20,6,2)) -> 45160 | AG20: =1-(Y20-AD20)/Y20 -> 0.51485149 | AH20: =Y20-Y19 -> -1 | AI20: =Z20-Z19 -> -0.1 | AJ20: =AA20-AA19 -> -0.3 | AK20: =AB20-AB19 -> -0.7 | AL20: =AC20-AC19 -> -0.7 | AM20: =AD20-AD19 -> -0.1 | AN20: =AG20-AG19 -> 0.006734602
X21: 1120911 | Y21: 61.2 | Z21: 19.2 | AA21: 11.8 | AB21: 49.4 | AC21: 46.2 | AD21: 31.9 | AE21: =X20 -> 1120822 | AF21: =DATE(MID(X21,1,3)+1911,MID(X21,4,2),MID(X21,6,2)) -> 45180 | AG21: =1-(Y21-AD21)/Y21 -> 0.52124183 | AH21: =Y21-Y20 -> 0.6 | AI21: =Z21-Z20 -> -0.8 | AJ21: =AA21-AA20 -> -0.3 | AK21: =AB21-AB20 -> 0.9 | AL21: =AC21-AC20 -> 0.8 | AM21: =AD21-AD20 -> 0.7 | AN21: =AG21-AG20 -> 0.0063903449
X22: 1120913 | Y22: 60.1 | Z22: 19.9 | AA22: 12 | AB22: 48.1 | AC22: 45.1 | AD22: 30.8 | AE22: =X21 -> 1120911 | AF22: =DATE(MID(X22,1,3)+1911,MID(X22,4,2),MID(X22,6,2)) -> 45182 | AG22: =1-(Y22-AD22)/Y22 -> 0.5124792 | AH22: =Y22-Y21 -> -1.1 | AI22: =Z22-Z21 -> 0.7 | AJ22: =AA22-AA21 -> 0.2 | AK22: =AB22-AB21 -> -1.3 | AL22: =AC22-AC21 -> -1.1 | AM22: =AD22-AD21 -> -1.1 | AN22: =AG22-AG21 -> -0.0087626287
X23: 1120915 | Y23: 60.2 | Z23: 20.2 | AA23: 12.2 | AB23: 48 | AC23: 45 | AD23: 30.7 | AE23: =X22 -> 1120913 | AF23: =DATE(MID(X23,1,3)+1911,MID(X23,4,2),MID(X23,6,2)) -> 45184 | AG23: =1-(Y23-AD23)/Y23 -> 0.50996678 | AH23: =Y23-Y22 -> 0.1 | AI23: =Z23-Z22 -> 0.3 | AJ23: =AA23-AA22 -> 0.2 | AK23: =AB23-AB22 -> -0.1 | AL23: =AC23-AC22 -> -0.1 | AM23: =AD23-AD22 -> -0.1 | AN23: =AG23-AG22 -> -0.0025124239
X24: 1120918 | Y24: 59.5 | Z24: 19.3 | AA24: 11.5 | AB24: 48 | AC24: 45 | AD24: 30.9 | AE24: =X23 -> 1120915 | AF24: =DATE(MID(X24,1,3)+1911,MID(X24,4,2),MID(X24,6,2)) -> 45187 | AG24: =1-(Y24-AD24)/Y24 -> 0.51932773 | AH24: =Y24-Y23 -> -0.7 | AI24: =Z24-Z23 -> -0.9 | AJ24: =AA24-AA23 -> -0.7 | AK24: =AB24-AB23 -> 0 | AL24: =AC24-AC23 -> 0 | AM24: =AD24-AD23 -> 0.2 | AN24: =AG24-AG23 -> 0.0093609537
X25: 1121020 | Y25: 58.6 | Z25: 19.6 | AA25: 11.5 | AB25: 47.1 | AC25: 44.1 | AD25: 29.8 | AE25: =X24 -> 1120918 | AF25: =DATE(MID(X25,1,3)+1911,MID(X25,4,2),MID(X25,6,2)) -> 45219 | AG25: =1-(Y25-AD25)/Y25 -> 0.50853242 | AH25: =Y25-Y24 -> -0.9 | AI25: =Z25-Z24 -> 0.3 | AJ25: =AA25-AA24 -> 0 | AK25: =AB25-AB24 -> -0.9 | AL25: =AC25-AC24 -> -0.9 | AM25: =AD25-AD24 -> -1.1 | AN25: =AG25-AG24 -> -0.010795308
X26: 1121116 | Y26: 61.4 | Z26: 21.6 | AA26: 13.3 | AB26: 48.1 | AC26: 45.1 | AD26: 30.9 | AE26: =X25 -> 1121020 | AF26: =DATE(MID(X26,1,3)+1911,MID(X26,4,2),MID(X26,6,2)) -> 45246 | AG26: =1-(Y26-AD26)/Y26 -> 0.50325733 | AH26: =Y26-Y25 -> 2.8 | AI26: =Z26-Z25 -> 2 | AJ26: =AA26-AA25 -> 1.8 | AK26: =AB26-AB25 -> 1 | AL26: =AC26-AC25 -> 1 | AM26: =AD26-AD25 -> 1.1 | AN26: =AG26-AG25 -> -0.0052750942
X27: 1130104 | Y27: 63.6 | Z27: 22.6 | AA27: 14.4 | AB27: 49.2 | AC27: 46.1 | AD27: 31.8 | AE27: =X26 -> 1121116 | AF27: =DATE(MID(X27,1,3)+1911,MID(X27,4,2),MID(X27,6,2)) -> 45295 | AG27: =1-(Y27-AD27)/Y27 -> 0.5 | AH27: =Y27-Y26 -> 2.2 | AI27: =Z27-Z26 -> 1 | AJ27: =AA27-AA26 -> 1.1 | AK27: =AB27-AB26 -> 1.1 | AL27: =AC27-AC26 -> 1 | AM27: =AD27-AD26 -> 0.9 | AN27: =AG27-AG26 -> -0.003257329
X28: 1130111 | Y28: 63.3 | Z28: 24.1 | AA28: 15.3 | AB28: 48 | AC28: 45 | AD28: 31 | AE28: =X27 -> 1130104 | AF28: =DATE(MID(X28,1,3)+1911,MID(X28,4,2),MID(X28,6,2)) -> 45302 | AG28: =1-(Y28-AD28)/Y28 -> 0.48973144 | AH28: =Y28-Y27 -> -0.3 | AI28: =Z28-Z27 -> 1.5 | AJ28: =AA28-AA27 -> 0.9 | AK28: =AB28-AB27 -> -1.2 | AL28: =AC28-AC27 -> -1.1 | AM28: =AD28-AD27 -> -0.8 | AN28: =AG28-AG27 -> -0.010268562
X29: 1130229 | Y29: 63.5 | Z29: 22.5 | AA29: 14.3 | AB29: 49.2 | AC29: 46.1 | AD29: 31.8 | AE29: =X28 -> 1130111 | AF29: =DATE(MID(X29,1,3)+1911,MID(X29,4,2),MID(X29,6,2)) -> 45351 | AG29: =1-(Y29-AD29)/Y29 -> 0.5007874 | AH29: =Y29-Y28 -> 0.2 | AI29: =Z29-Z28 -> -1.6 | AJ29: =AA29-AA28 -> -1 | AK29: =AB29-AB28 -> 1.2 | AL29: =AC29-AC28 -> 1.1 | AM29: =AD29-AD28 -> 0.8 | AN29: =AG29-AG28 -> 0.011055964
X30: 1130531 | Y30: 64.9 | Z30: 23.7 | AA30: 15.4 | AB30: 49.5 | AC30: 46.3 | AD30: 32.1 | AE30: =X29 -> 1130229 | AF30: =DATE(MID(X30,1,3)+1911,MID(X30,4,2),MID(X30,6,2)) -> 45443 | AG30: =1-(Y30-AD30)/Y30 -> 0.49460709 | AH30: =Y30-Y29 -> 1.4 | AI30: =Z30-Z29 -> 1.2 | AJ30: =AA30-AA29 -> 1.1 | AK30: =AB30-AB29 -> 0.3 | AL30: =AC30-AC29 -> 0.2 | AM30: =AD30-AD29 -> 0.3 | AN30: =AG30-AG29 -> -0.0061803137
... X41: 1140102 | Y41: 62.2 | Z41: 21.2 | AA41: 13.2 | AB41: 49 | AC41: 45.9 | AD41: 31.5 | AE41: =X40 -> 1131226 | AF41: =DATE(MID(X41,1,3)+1911,MID(X41,4,2),MID(X41,6,2)) -> 45659 | AG41: =1-(Y41-AD41)/Y41 -> 0.50643087 | AH41: =Y41-Y40 -> -2.5 | AI41: =Z41-Z40 -> -3.3 | AJ41: =AA41-AA40 -> -2.7 | AK41: =AB41-AB40 -> 0.2 | AL41: =AC41-AC40 -> 0.2 | AM41: =AD41-AD40 -> -0.3 | AN41: =AG41-AG40 -> 0.014931641
AE42: =X41 -> 1140102 | AF42: =DATE(MID(X42,1,3)+1911,MID(X42,4,2),MID(X42,6,2)) -> #VALUE! | AG42: =1-(Y42-AD42)/Y42 -> #DIV/0! | AH42: =Y42-Y41 -> -62.2 | AI42: =Z42-Z41 -> -21.2 | AJ42: =AA42-AA41 -> -13.2 | AK42: =AB42-AB41 -> -49 | AL42: =AC42-AC41 -> -45.9 | AM42: =AD42-AD41 -> -31.5 | AN42: =AG42-AG41 -> #DIV/0!
AE43: =X42 -> 0 | AF43: =DATE(MID(X43,1,3)+1911,MID(X43,4,2),MID(X43,6,2)) -> #VALUE! | AG43: =1-(Y43-AD43)/Y43 -> #DIV/0! | AH43: =Y43-Y42 -> 0 | AI43: =Z43-Z42 -> 0 | AJ43: =AA43-AA42 -> 0 | AK43: =AB43-AB42 -> 0 | AL43: =AC43-AC42 -> 0 | AM43: =AD43-AD42 -> 0 | AN43: =AG43-AG42 -> #DIV/0!
AE44: =X43 -> 0 | AF44: =DATE(MID(X44,1,3)+1911,MID(X44,4,2),MID(X44,6,2)) -> #VALUE! | AG44: =1-(Y44-AD44)/Y44 -> #DIV/0! | AH44: =Y44-Y43 -> 0 | AI44: =Z44-Z43 -> 0 | AJ44: =AA44-AA43 -> 0 | AK44: =AB44-AB43 -> 0 | AL44: =AC44-AC43 -> 0 | AM44: =AD44-AD43 -> 0 | AN44: =AG44-AG43 -> #DIV/0!
AE45: =X44 -> 0 | AF45: =DATE(MID(X45,1,3)+1911,MID(X45,4,2),MID(X45,6,2)) -> #VALUE! | AG45: =1-(Y45-AD45)/Y45 -> #DIV/0! | AH45: =Y45-Y44 -> 0 | AI45: =Z45-Z44 -> 0 | AJ45: =AA45-AA44 -> 0 | AK45: =AB45-AB44 -> 0 | AL45: =AC45-AC44 -> 0 | AM45: =AD45-AD44 -> 0 | AN45: =AG45-AG44 -> #DIV/0!
AE46: =X45 -> 0 | AF46: =DATE(MID(X46,1,3)+1911,MID(X46,4,2),MID(X46,6,2)) -> #VALUE! | AG46: =1-(Y46-AD46)/Y46 -> #DIV/0! | AH46: =Y46-Y45 -> 0 | AI46: =Z46-Z45 -> 0 | AJ46: =AA46-AA45 -> 0 | AK46: =AB46-AB45 -> 0 | AL46: =AC46-AC45 -> 0 | AM46: =AD46-AD45 -> 0 | AN46: =AG46-AG45 -> #DIV/0!
AE47: =X46 -> 0 | AF47: =DATE(MID(X47,1,3)+1911,MID(X47,4,2),MID(X47,6,2)) -> #VALUE! | AG47: =1-(Y47-AD47)/Y47 -> #DIV/0! | AH47: =Y47-Y46 -> 0 | AI47: =Z47-Z46 -> 0 | AJ47: =AA47-AA46 -> 0 | AK47: =AB47-AB46 -> 0 | AL47: =AC47-AC46 -> 0 | AM47: =AD47-AD46 -> 0 | AN47: =AG47-AG46 -> #DIV/0!
AE48: =X47 -> 0 | AF48: =DATE(MID(X48,1,3)+1911,MID(X48,4,2),MID(X48,6,2)) -> #VALUE! | AG48: =1-(Y48-AD48)/Y48 -> #DIV/0! | AH48: =Y48-Y47 -> 0 | AI48: =Z48-Z47 -> 0 | AJ48: =AA48-AA47 -> 0 | AK48: =AB48-AB47 -> 0 | AL48: =AC48-AC47 -> 0 | AM48: =AD48-AD47 -> 0 | AN48: =AG48-AG47 -> #DIV/0!
AE49: =X48 -> 0 | AF49: =DATE(MID(X49,1,3)+1911,MID(X49,4,2),MID(X49,6,2)) -> #VALUE! | AG49: =1-(Y49-AD49)/Y49 -> #DIV/0! | AH49: =Y49-Y48 -> 0 | AI49: =Z49-Z48 -> 0 | AJ49: =AA49-AA48 -> 0 | AK49: =AB49-AB48 -> 0 | AL49: =AC49-AC48 -> 0 | AM49: =AD49-AD48 -> 0 | AN49: =AG49-AG48 -> #DIV/0!
AE50: =X49 -> 0 | AF50: =DATE(MID(X50,1,3)+1911,MID(X50,4,2),MID(X50,6,2)) -> #VALUE! | AG50: =1-(Y50-AD50)/Y50 -> #DIV/0! | AH50: =Y50-Y49 -> 0 | AI50: =Z50-Z49 -> 0 | AJ50: =AA50-AA49 -> 0 | AK50: =AB50-AB49 -> 0 | AL50: =AC50-AC49 -> 0 | AM50: =AD50-AD49 -> 0 | AN50: =AG50-AG49 -> #DIV/0!
AE51: =X50 -> 0 | AF51: =DATE(MID(X51,1,3)+1911,MID(X51,4,2),MID(X51,6,2)) -> #VALUE! | AG51: =1-(Y51-AD51)/Y51 -> #DIV/0! | AH51: =Y51-Y50 -> 0 | AI51: =Z51-Z50 -> 0 | AJ51: =AA51-AA50 -> 0 | AK51: =AB51-AB50 -> 0 | AL51: =AC51-AC50 -> 0 | AM51: =AD51-AD50 -> 0 | AN51: =AG51-AG50 -> #DIV/0!
AE52: =X51 -> 0 | AF52: =DATE(MID(X52,1,3)+1911,MID(X52,4,2),MID(X52,6,2)) -> #VALUE! | AG52: =1-(Y52-AD52)/Y52 -> #DIV/0! | AH52: =Y52-Y51 -> 0 | AI52: =Z52-Z51 -> 0 | AJ52: =AA52-AA51 -> 0 | AK52: =AB52-AB51 -> 0 | AL52: =AC52-AC51 -> 0 | AM52: =AD52-AD51 -> 0 | AN52: =AG52-AG51 -> #DIV/0!
AE53: =X52 -> 0 | AF53: =DATE(MID(X53,1,3)+1911,MID(X53,4,2),MID(X53,6,2)) -> #VALUE! | AG53: =1-(Y53-AD53)/Y53 -> #DIV/0! | AH53: =Y53-Y52 -> 0 | AI53: =Z53-Z52 -> 0 | AJ53: =AA53-AA52 -> 0 | AK53: =AB53-AB52 -> 0 | AL53: =AC53-AC52 -> 0 | AM53: =AD53-AD52 -> 0 | AN53: =AG53-AG52 -> #DIV/0!
... AE55: =X54 -> 0 | AF55: =DATE(MID(X55,1,3)+1911,MID(X55,4,2),MID(X55,6,2)) -> #VALUE! | AG55: =1-(Y55-AD55)/Y55 -> #DIV/0! | AH55: =Y55-Y54 -> 0 | AI55: =Z55-Z54 -> 0 | AJ55: =AA55-AA54 -> 0 | AK55: =AB55-AB54 -> 0 | AL55: =AC55-AC54 -> 0 | AM55: =AD55-AD54 -> 0 | AN55: =AG55-AG54 -> #DIV/0!

Sheet 林唯均
A1: 量測日期 | B1: 上次量測 | C1: 姓名 | D1: 性別 | E1: 體重 | H1: 體脂率 | K1: 脂肪重 | N1: 去脂肪重 | Q1: 肌肉重 | T1: 總水份 | X1: 日期 | Y1: 體重(kg) | Z1: 體脂率(%) | AA1: 脂肪重(kg) | AB1: 去脂重(kg) | AC1: 肌肉量 | AD1: 身體總水份kg | AE1: 上次量測 | AF1: 星期 | AG1: 身體總水份% | AH1: 體重變化 | AI1: 體脂率變化 | AJ1: 脂肪重變化 | AK1: 去脂重變化 | AL1: 肌肉量變化 | AM1: 水分變化KG | AN1: 水分變化%
A2: "選取" | E2: 體重 | F2: 變化 | G2: 區間 | H2: 體脂率 | I2: 變化 | J2: 區間 | K2: 脂肪重 | L2: 變化 | M2: 區間 | N2: 去脂重 | O2: 變化 | P2: 區間 | Q2: 肌肉重 | R2: 變化 | S2: 區間 | T2: 總水份 | U2: 變化 | V2: 變化% | W2: 區間 | X2: {=_xlfn._xlws.SORT(_xlfn._xlws.FILTER(資料輸入!F:L, ISNUMBER(MATCH(資料輸入!E:E, 林唯均!C3, 0))), 1, TRUE)} -> 1120106 | Y2: 60.2 | Z2: 22.7 | AA2: 13.7 | AB2: 46.5 | AC2: 43.6 | AD2: 30.4 | AF2: =DATE(MID(X2,1,3)+1911,MID(X2,4,2),MID(X2,6,2)) -> 44932 | AG2: =1-(Y2-AD2)/Y2 -> 0.50498339
A3: =MAX(X:X) -> 1140307 | B3: =K6&J7 -> 4周前 | C3: 林唯均 | D3: 女 | E3: =LOOKUP($A$3,日期,體重_kg) -> 61.3 | F3: =LOOKUP($A$3,日期,體重變化) -> -1.5 | G3: =IF(E3<C8,"Q1",IF(E3<C9,"Q2",IF(E3<C10,"Q3",IF(E3<3000,"Q4")))) -> Q3 | H3: =LOOKUP($A$3,日期,體脂率) -> 21.7 | I3: =LOOKUP($A$3,日期,體脂率變化) -> -2.1 | J3: =IF(H3<D8,"Q1",IF(H3<D9,"Q2",IF(H3<D10,"Q3",IF(H3<3000,"Q4")))) -> Q2 | K3: =LOOKUP($A$3,日期,脂肪重_kg) -> 13.3 | L3: =LOOKUP($A$3,日期,脂肪重變化) -> -1.6 | M3: =IF(K3<E8,"Q1",IF(K3<E9,"Q2",IF(K3<E10,"Q3",IF(K3<3000,"Q4")))) -> Q3 | N3: =LOOKUP($A$3,日期,去脂重_kg) -> 48 | O3: =LOOKUP($A$3,日期,去脂重變化) -> 0.1 | P3: =IF(N3<F8,"Q1",IF(N3<F9,"Q2",IF(N3<F10,"Q3",IF(N3<3000,"Q4")))) -> Q2 | Q3: =LOOKUP($A$3,日期,肌肉量) -> 45 | R3: =LOOKUP($A$3,日期,肌肉量變化) -> 0.1 | S3: =IF(Q3<G8,"Q1",IF(Q3<G9,"Q2",IF(Q3<G10,"Q3",IF(Q3<3000,"Q4")))) -> Q2 | T3: =LOOKUP($A$3,日期,身體總水份kg) -> 31.5 | U3: =LOOKUP($A$3,日期,水分變化KG) -> -0.1 | V3: =LOOKUP($A$3,日期,水分變化) -> 0.010681518 | W3: =IF(T3<H8,"Q1",IF(T3<H9,"Q2",IF(T3<H10,"Q3",IF(T3<3000,"Q4")))) -> Q3 | X3: 1120113 | Y3: 59.8 | Z3: 23.1 | AA3: 13.8 | AB3: 46 | AC3: 43.1 | AD3: 29.9 | AE3: =X2 -> 1120106 | AF3: =DATE(MID(X3,1,3)+1911,MID(X3,4,2),MID(X3,6,2)) -> 44939 | AG3: =1-(Y3-AD3)/Y3 -> 0.5 | AH3: =Y3-Y2 -> -0.4 | AI3: =Z3-Z2 -> 0.4 | AJ3: =AA3-AA2 -> 0.1 | AK3: =AB3-AB2 -> -0.5 | AL3: =AC3-AC2 -> -0.5 | AM3: =AD3-AD2 -> -0.5 | AN3: =AG3-AG2 -> -0.0049833887
A4: =DATE(MID(A3,1,3)+1911,MID(A3,4,2),MID(A3,6,2)) -> 45723 | B4: =DATE(MID(B17,1,3)+1911,MID(B17,4,2),MID(B17,6,2)) -> 45692 | X4: 1120119 | Y4: 60 | Z4: 23.1 | AA4: 13.9 | AB4: 46.1 | AC4: 43.2 | AD4: 30.3 | AE4: =X3 -> 1120113 | AF4: =DATE(MID(X4,1,3)+1911,MID(X4,4,2),MID(X4,6,2)) -> 44945 | AG4: =1-(Y4-AD4)/Y4 -> 0.505 | AH4: =Y4-Y3 -> 0.2 | AI4: =Z4-Z3 -> 0 | AJ4: =AA4-AA3 -> 0.1 | AK4: =AB4-AB3 -> 0.1 | AL4: =AC4-AC3 -> 0.1 | AM4: =AD4-AD3 -> 0.4 | AN4: =AG4-AG3 -> 0.005
C5: 體重 | D5: 體脂率 | E5: 脂肪重 | F5: 去脂重 | G5: 肌肉重 | H5: 總水份 | X5: 1120130 | Y5: 61.3 | Z5: 23.1 | AA5: 14.2 | AB5: 47.1 | AC5: 44.1 | AD5: 31.2 | AE5: =X4 -> 1120119 | AF5: =DATE(MID(X5,1,3)+1911,MID(X5,4,2),MID(X5,6,2)) -> 44956 | AG5: =1-(Y5-AD5)/Y5 -> 0.50897227 | AH5: =Y5-Y4 -> 1.3 | AI5: =Z5-Z4 -> 0 | AJ5: =AA5-AA4 -> 0.3 | AK5: =AB5-AB4 -> 1 | AL5: =AC5-AC4 -> 0.9 | AM5: =AD5-AD4 -> 0.9 | AN5: =AG5-AG4 -> 0.0039722675
B6: Q1 | C6: =_xlfn.QUARTILE.INC(Y:Y,1) -> 57.95 | D6: =_xlfn.QUARTILE.INC(Z:Z,1) -> 19.65 | E6: =_xlfn.QUARTILE.INC(AA:AA,1) -> 11.45 | F6: =_xlfn.QUARTILE.INC(AB:AB,1) -> 46.05 | G6: =_xlfn.QUARTILE.INC(AC:AC,1) -> 43.15 | H6: =_xlfn.QUARTILE.INC(AD:AD,1) -> 29.8 | J6: =A4-B4 -> 31 | K6: =ROUND(K7,0) -> 4 | X6: 1120206 | Y6: 58.2 | Z6: 21 | AA6: 12.2 | AB6: 46 | AC6: 43.1 | AD6: 29.9 | AE6: =X5 -> 1120130 | AF6: =DATE(MID(X6,1,3)+1911,MID(X6,4,2),MID(X6,6,2)) -> 44963 | AG6: =1-(Y6-AD6)/Y6 -> 0.5137457 | AH6: =Y6-Y5 -> -3.1 | AI6: =Z6-Z5 -> -2.1 | AJ6: =AA6-AA5 -> -2 | AK6: =AB6-AB5 -> -1.1 | AL6: =AC6-AC5 -> -1 | AM6: =AD6-AD5 -> -1.3 | AN6: =AG6-AG5 -> 0.0047734369
B7: =C3 -> 林唯均 | C7: =E3 -> 61.3 | D7: =H3 -> 21.7 | E7: =K3 -> 13.3 | F7: =N3 -> 48 | G7: =Q3 -> 45 | H7: =T3 -> 31.5 | J7: 周前 | K7: =J6/7 -> 4.4285714 | X7: 1120213 | Y7: 60 | Z7: 22 | AA7: 13.2 | AB7: 46.8 | AC7: 43.9 | AD7: 31.2 | AE7: =X6 -> 1120206 | AF7: =DATE(MID(X7,1,3)+1911,MID(X7,4,2),MID(X7,6,2)) -> 44970 | AG7: =1-(Y7-AD7)/Y7 -> 0.52 | AH7: =Y7-Y6 -> 1.8 | AI7: =Z7-Z6 -> 1 | AJ7: =AA7-AA6 -> 1 | AK7: =AB7-AB6 -> 0.8 | AL7: =AC7-AC6 -> 0.8 | AM7: =AD7-AD6 -> 1.3 | AN7: =AG7-AG6 -> 0.0062542955
A8: 低 | B8: Q2 | C8: =_xlfn.QUARTILE.INC(Y:Y,2) -> 59.8 | D8: =_xlfn.QUARTILE.INC(Z:Z,2) -> 20.7 | E8: =_xlfn.QUARTILE.INC(AA:AA,2) -> 12.2 | F8: =_xlfn.QUARTILE.INC(AB:AB,2) -> 47.1 | G8: =_xlfn.QUARTILE.INC(AC:AC,2) -> 44.1 | H8: =_xlfn.QUARTILE.INC(AD:AD,2) -> 30.6 | X8: 1120324 | Y8: 60.7 | Z8: 22.8 | AA8: 13.8 | AB8: 46.9 | AC8: 44 | AD8: 30.5 | AE8: =X7 -> 1120213 | AF8: =DATE(MID(X8,1,3)+1911,MID(X8,4,2),MID(X8,6,2)) -> 45009 | AG8: =1-(Y8-AD8)/Y8 -> 0.50247117 | AH8: =Y8-Y7 -> 0.7 | AI8: =Z8-Z7 -> 0.8 | AJ8: =AA8-AA7 -> 0.6 | AK8: =AB8-AB7 -> 0.1 | AL8: =AC8-AC7 -> 0.1 | AM8: =AD8-AD7 -> -0.7 | AN8: =AG8-AG7 -> -0.01752883
A9: 中等 | B9: Q3 | C9: =_xlfn.QUARTILE.INC(Y:Y,3) -> 61 | D9: =_xlfn.QUARTILE.INC(Z:Z,3) -> 21.8 | E9: =_xlfn.QUARTILE.INC(AA:AA,3) -> 13.25 | F9: =_xlfn.QUARTILE.INC(AB:AB,3) -> 48.35 | G9: =_xlfn.QUARTILE.INC(AC:AC,3) -> 45.25 | H9: =_xlfn.QUARTILE.INC(AD:AD,3) -> 31.3 | X9: 1120413 | Y9: 58.2 | Z9: 21 | AA9: 12.2 | AB9: 46 | AC9: 43.1 | AD9: 29.5 | AE9: =X8 -> 1120324 | AF9: =DATE(MID(X9,1,3)+1911,MID(X9,4,2),MID(X9,6,2)) -> 45029 | AG9: =1-(Y9-AD9)/Y9 -> 0.50687285 | AH9: =Y9-Y8 -> -2.5 | AI9: =Z9-Z8 -> -1.8 | AJ9: =AA9-AA8 -> -1.6 | AK9: =AB9-AB8 -> -0.9 | AL9: =AC9-AC8 -> -0.9 | AM9: =AD9-AD8 -> -1 | AN9: =AG9-AG8 -> 0.0044016825
A10: 高 | B10: Q4 | C10: =_xlfn.QUARTILE.INC(Y:Y,4) -> 62.8 | D10: =_xlfn.QUARTILE.INC(Z:Z,4) -> 23.8 | E10: =_xlfn.QUARTILE.INC(AA:AA,4) -> 14.9 | F10: =_xlfn.QUARTILE.INC(AB:AB,4) -> 49.4 | G10: =_xlfn.QUARTILE.INC(AC:AC,4) -> 46.2 | H10: =_xlfn.QUARTILE.INC(AD:AD,4) -> 32.3 | X10: 1120427 | Y10: 57.7 | Z10: 20.5 | AA10: 11.8 | AB10: 45.9 | AC10: 43.1 | AD10: 29.7 | AE10: =X9 -> 1120413 | AF10: =DATE(MID(X10,1,3)+1911,MID(X10,4,2),MID(X10,6,2)) -> 45043 | AG10: =1-(Y10-AD10)/Y10 -> 0.51473137 | AH10: =Y10-Y9 -> -0.5 | AI10: =Z10-Z9 -> -0.5 | AJ10: =AA10-AA9 -> -0.4 | AK10: =AB10-AB9 -> -0.1 | AL10: =AC10-AC9 -> 0 | AM10: =AD10-AD9 -> 0.2 | AN10: =AG10-AG9 -> 0.0078585169
X11: 1120511 | Y11: 59.5 | Z11: 20.9 | AA11: 12.4 | AB11: 47.1 | AC11: 44.1 | AD11: 31.3 | AE11: =X10 -> 1120427 | AF11: =DATE(MID(X11,1,3)+1911,MID(X11,4,2),MID(X11,6,2)) -> 45057 | AG11: =1-(Y11-AD11)/Y11 -> 0.52605042 | AH11: =Y11-Y10 -> 1.8 | AI11: =Z11-Z10 -> 0.4 | AJ11: =AA11-AA10 -> 0.6 | AK11: =AB11-AB10 -> 1.2 | AL11: =AC11-AC10 -> 1 | AM11: =AD11-AD10 -> 1.6 | AN11: =AG11-AG10 -> 0.011319051
C12: 體重 | D12: 體脂率 | E12: 脂肪重 | F12: 去脂重 | G12: 肌肉重 | H12: 水份kg | I12: 水份% | X12: 1120523 | Y12: 57.5 | Z12: 20.6 | AA12: 11.8 | AB12: 45.7 | AC12: 42.9 | AD12: 29.6 | AE12: =X11 -> 1120511 | AF12: =DATE(MID(X12,1,3)+1911,MID(X12,4,2),MID(X12,6,2)) -> 45069 | AG12: =1-(Y12-AD12)/Y12 -> 0.51478261 | AH12: =Y12-Y11 -> -2 | AI12: =Z12-Z11 -> -0.3 | AJ12: =AA12-AA11 -> -0.6 | AK12: =AB12-AB11 -> -1.4 | AL12: =AC12-AC11 -> -1.2 | AM12: =AD12-AD11 -> -1.7 | AN12: =AG12-AG11 -> -0.011267811
B13: =LOOKUP(B14,日期,上次量測) -> 1121221 | C13: =LOOKUP(B13,日期,體重_kg) -> 62.5 | D13: =LOOKUP(B13,日期,體脂率) -> 20.9 | E13: =LOOKUP(B13,日期,脂肪重_kg) -> 13.1 | F13: =LOOKUP(B13,日期,去脂重_kg) -> 49.4 | G13: =LOOKUP(B13,日期,肌肉量) -> 46.2 | H13: =LOOKUP(B13,日期,身體總水份kg) -> 32.3 | I13: =LOOKUP(B13,日期,身體總水份) -> 0.5168 | X13: 1120608 | Y13: 56.4 | Z13: 20.7 | AA13: 11.7 | AB13: 44.7 | AC13: 42 | AD13: 28.8 | AE13: =X12 -> 1120523 | AF13: =DATE(MID(X13,1,3)+1911,MID(X13,4,2),MID(X13,6,2)) -> 45085 | AG13: =1-(Y13-AD13)/Y13 -> 0.5106383 | AH13: =Y13-Y12 -> -1.1 | AI13: =Z13-Z12 -> 0.1 | AJ13: =AA13-AA12 -> -0.1 | AK13: =AB13-AB12 -> -1 | AL13: =AC13-AC12 -> -0.9 | AM13: =AD13-AD12 -> -0.8 | AN13: =AG13-AG12 -> -0.0041443108
B14: =LOOKUP(B15,日期,上次量測) -> 1130124 | C14: =LOOKUP(B14,日期,體重_kg) -> 61.4 | D14: =LOOKUP(B14,日期,體脂率) -> 21.1 | E14: =LOOKUP(B14,日期,脂肪重_kg) -> 13 | F14: =LOOKUP(B14,日期,去脂重_kg) -> 48.4 | G14: =LOOKUP(B14,日期,肌肉量) -> 45.3 | H14: =LOOKUP(B14,日期,身體總水份kg) -> 30.9 | I14: =LOOKUP(B14,日期,身體總水份) -> 0.50325733 | X14: 1120615 | Y14: 54.4 | Z14: 19.9 | AA14: 10.8 | AB14: 43.6 | AC14: 41 | AD14: 27.7 | AE14: =X13 -> 1120608 | AF14: =DATE(MID(X14,1,3)+1911,MID(X14,4,2),MID(X14,6,2)) -> 45092 | AG14: =1-(Y14-AD14)/Y14 -> 0.50919118 | AH14: =Y14-Y13 -> -2 | AI14: =Z14-Z13 -> -0.8 | AJ14: =AA14-AA13 -> -0.9 | AK14: =AB14-AB13 -> -1.1 | AL14: =AC14-AC13 -> -1 | AM14: =AD14-AD13 -> -1.1 | AN14: =AG14-AG13 -> -0.0014471214
B15: =LOOKUP(B16,日期,上次量測) -> 1130202 | C15: =LOOKUP(B15,日期,體重_kg) -> 60.7 | D15: =LOOKUP(B15,日期,體脂率) -> 19.9 | E15: =LOOKUP(B15,日期,脂肪重_kg) -> 12.1 | F15: =LOOKUP(B15,日期,去脂重_kg) -> 48.6 | G15: =LOOKUP(B15,日期,肌肉量) -> 45.5 | H15: =LOOKUP(B15,日期,身體總水份kg) -> 31.5 | I15: =LOOKUP(B15,日期,身體總水份) -> 0.51894563 | X15: 1120629 | Y15: 57.2 | Z15: 20.5 | AA15: 11.7 | AB15: 45.5 | AC15: 42.7 | AD15: 29.5 | AE15: =X14 -> 1120615 | AF15: =DATE(MID(X15,1,3)+1911,MID(X15,4,2),MID(X15,6,2)) -> 45106 | AG15: =1-(Y15-AD15)/Y15 -> 0.51573427 | AH15: =Y15-Y14 -> 2.8 | AI15: =Z15-Z14 -> 0.6 | AJ15: =AA15-AA14 -> 0.9 | AK15: =AB15-AB14 -> 1.9 | AL15: =AC15-AC14 -> 1.7 | AM15: =AD15-AD14 -> 1.8 | AN15: =AG15-AG14 -> 0.0065430893
B16: =LOOKUP(B17,日期,上次量測) -> 1130229 | C16: =LOOKUP(B16,日期,體重_kg) -> 62.8 | D16: =LOOKUP(B16,日期,體脂率) -> 21.9 | E16: =LOOKUP(B16,日期,脂肪重_kg) -> 13.8 | F16: =LOOKUP(B16,日期,去脂重_kg) -> 49 | G16: =LOOKUP(B16,日期,肌肉量) -> 45.9 | H16: =LOOKUP(B16,日期,身體總水份kg) -> 32.3 | I16: =LOOKUP(B16,日期,身體總水份) -> 0.51433121 | X16: 1120803 | Y16: 58.2 | Z16: 16.4 | AA16: 9.5 | AB16: 48.7 | AC16: 45.6 | AD16: 31.3 | AE16: =X15 -> 1120629 | AF16: =DATE(MID(X16,1,3)+1911,MID(X16,4,2),MID(X16,6,2)) -> 45141 | AG16: =1-(Y16-AD16)/Y16 -> 0.53780069 | AH16: =Y16-Y15 -> 1 | AI16: =Z16-Z15 -> -4.1 | AJ16: =AA16-AA15 -> -2.2 | AK16: =AB16-AB15 -> 3.2 | AL16: =AC16-AC15 -> 2.9 | AM16: =AD16-AD15 -> 1.8 | AN16: =AG16-AG15 -> 0.022066422
B17: =LOOKUP(B18,日期,上次量測) -> 1140204 | C17: =LOOKUP(B17,日期,體重_kg) -> 62.8 | D17: =LOOKUP(B17,日期,體脂率) -> 23.8 | E17: =LOOKUP(B17,日期,脂肪重_kg) -> 14.9 | F17: =LOOKUP(B17,日期,去脂重_kg) -> 47.9 | G17: =LOOKUP(B17,日期,肌肉量) -> 44.9 | H17: =LOOKUP(B17,日期,身體總水份kg) -> 31.6 | I17: =LOOKUP(B17,日期,身體總水份) -> 0.50318471 | X17: 1120817 | Y17: 58.6 | Z17: 18.8 | AA17: 11 | AB17: 47.6 | AC17: 44.6 | AD17: 30.6 | AE17: =X16 -> 1120803 | AF17: =DATE(MID(X17,1,3)+1911,MID(X17,4,2),MID(X17,6,2)) -> 45155 | AG17: =1-(Y17-AD17)/Y17 -> 0.5221843 | AH17: =Y17-Y16 -> 0.4 | AI17: =Z17-Z16 -> 2.4 | AJ17: =AA17-AA16 -> 1.5 | AK17: =AB17-AB16 -> -1.1 | AL17: =AC17-AC16 -> -1 | AM17: =AD17-AD16 -> -0.7 | AN17: =AG17-AG16 -> -0.015616387
B18: =A3 -> 1140307 | C18: =LOOKUP(B18,日期,體重_kg) -> 61.3 | D18: =LOOKUP(B18,日期,體脂率) -> 21.7 | E18: =LOOKUP(B18,日期,脂肪重_kg) -> 13.3 | F18: =LOOKUP(B18,日期,去脂重_kg) -> 48 | G18: =LOOKUP(B18,日期,肌肉量) -> 45 | H18: =LOOKUP(B18,日期,身體總水份kg) -> 31.5 | I18: =LOOKUP(B18,日期,身體總水份) -> 0.51386623 | X18: 1120824 | Y18: 58.4 | Z18: 17.6 | AA18: 10.3 | AB18: 48.1 | AC18: 45.1 | AD18: 30.8 | AE18: =X17 -> 1120817 | AF18: =DATE(MID(X18,1,3)+1911,MID(X18,4,2),MID(X18,6,2)) -> 45162 | AG18: =1-(Y18-AD18)/Y18 -> 0.52739726 | AH18: =Y18-Y17 -> -0.2 | AI18: =Z18-Z17 -> -1.2 | AJ18: =AA18-AA17 -> -0.7 | AK18: =AB18-AB17 -> 0.5 | AL18: =AC18-AC17 -> 0.5 | AM18: =AD18-AD17 -> 0.2 | AN18: =AG18-AG17 -> 0.0052129599
X19: 1120831 | Y19: 57.5 | Z19: 16.8 | AA19: 9.7 | AB19: 47.8 | AC19: 44.8 | AD19: 30.4 | AE19: =X18 -> 1120824 | AF19: =DATE(MID(X19,1,3)+1911,MID(X19,4,2),MID(X19,6,2)) -> 45169 | AG19: =1-(Y19-AD19)/Y19 -> 0.52869565 | AH19: =Y19-Y18 -> -0.9 | AI19: =Z19-Z18 -> -0.8 | AJ19: =AA19-AA18 -> -0.6 | AK19: =AB19-AB18 -> -0.3 | AL19: =AC19-AC18 -> -0.3 | AM19: =AD19-AD18 -> -0.4 | AN19: =AG19-AG18 -> 0.0012983919
X20: 1120907 | Y20: 56.3 | Z20: 17 | AA20: 9.6 | AB20: 46.7 | AC20: 43.8 | AD20: 29.4 | AE20: =X19 -> 1120831 | AF20: =DATE(MID(X20,1,3)+1911,MID(X20,4,2),MID(X20,6,2)) -> 45176 | AG20: =1-(Y20-AD20)/Y20 -> 0.52220249 | AH20: =Y20-Y19 -> -1.2 | AI20: =Z20-Z19 -> 0.2 | AJ20: =AA20-AA19 -> -0.1 | AK20: =AB20-AB19 -> -1.1 | AL20: =AC20-AC19 -> -1 | AM20: =AD20-AD19 -> -1 | AN20: =AG20-AG19 -> -0.0064931655
X21: 1120914 | Y21: 55.4 | Z21: 16.7 | AA21: 9.3 | AB21: 46.1 | AC21: 43.2 | AD21: 29.5 | AE21: =X20 -> 1120907 | AF21: =DATE(MID(X21,1,3)+1911,MID(X21,4,2),MID(X21,6,2)) -> 45183 | AG21: =1-(Y21-AD21)/Y21 -> 0.53249097 | AH21: =Y21-Y20 -> -0.9 | AI21: =Z21-Z20 -> -0.3 | AJ21: =AA21-AA20 -> -0.3 | AK21: =AB21-AB20 -> -0.6 | AL21: =AC21-AC20 -> -0.6 | AM21: =AD21-AD20 -> 0.1 | AN21: =AG21-AG20 -> 0.010288488
X22: 1121019 | Y22: 58.8 | Z22: 19.1 | AA22: 11.2 | AB22: 47.6 | AC22: 44.6 | AD22: 30.6 | AE22: =X21 -> 1120914 | AF22: =DATE(MID(X22,1,3)+1911,MID(X22,4,2),MID(X22,6,2)) -> 45218 | AG22: =1-(Y22-AD22)/Y22 -> 0.52040816 | AH22: =Y22-Y21 -> 3.4 | AI22: =Z22-Z21 -> 2.4 | AJ22: =AA22-AA21 -> 1.9 | AK22: =AB22-AB21 -> 1.5 | AL22: =AC22-AC21 -> 1.4 | AM22: =AD22-AD21 -> 1.1 | AN22: =AG22-AG21 -> -0.012082811
X23: 1121102 | Y23: 60.4 | Z23: 19.5 | AA23: 11.8 | AB23: 48.6 | AC23: 45.5 | AD23: 31.3 | AE23: =X22 -> 1121019 | AF23: =DATE(MID(X23,1,3)+1911,MID(X23,4,2),MID(X23,6,2)) -> 45232 | AG23: =1-(Y23-AD23)/Y23 -> 0.51821192 | AH23: =Y23-Y22 -> 1.6 | AI23: =Z23-Z22 -> 0.4 | AJ23: =AA23-AA22 -> 0.6 | AK23: =AB23-AB22 -> 1 | AL23: =AC23-AC22 -> 0.9 | AM23: =AD23-AD22 -> 0.7 | AN23: =AG23-AG22 -> -0.0021962427
X24: 1121123 | Y24: 62.1 | Z24: 20.8 | AA24: 12.9 | AB24: 49.2 | AC24: 46.1 | AD24: 32 | AE24: =X23 -> 1121102 | AF24: =DATE(MID(X24,1,3)+1911,MID(X24,4,2),MID(X24,6,2)) -> 45253 | AG24: =1-(Y24-AD24)/Y24 -> 0.51529791 | AH24: =Y24-Y23 -> 1.7 | AI24: =Z24-Z23 -> 1.3 | AJ24: =AA24-AA23 -> 1.1 | AK24: =AB24-AB23 -> 0.6 | AL24: =AC24-AC23 -> 0.6 | AM24: =AD24-AD23 -> 0.7 | AN24: =AG24-AG23 -> -0.0029140139
X25: 1121130 | Y25: 61.7 | Z25: 20.2 | AA25: 12.5 | AB25: 49.2 | AC25: 46.1 | AD25: 32 | AE25: =X24 -> 1121123 | AF25: =DATE(MID(X25,1,3)+1911,MID(X25,4,2),MID(X25,6,2)) -> 45260 | AG25: =1-(Y25-AD25)/Y25 -> 0.51863857 | AH25: =Y25-Y24 -> -0.4 | AI25: =Z25-Z24 -> -0.6 | AJ25: =AA25-AA24 -> -0.4 | AK25: =AB25-AB24 -> 0 | AL25: =AC25-AC24 -> 0 | AM25: =AD25-AD24 -> 0 | AN25: =AG25-AG24 -> 0.0033406671
X26: 1121207 | Y26: 60.2 | Z26: 19.8 | AA26: 11.9 | AB26: 48.3 | AC26: 45.2 | AD26: 30.7 | AE26: =X25 -> 1121130 | AF26: =DATE(MID(X26,1,3)+1911,MID(X26,4,2),MID(X26,6,2)) -> 45267 | AG26: =1-(Y26-AD26)/Y26 -> 0.50996678 | AH26: =Y26-Y25 -> -1.5 | AI26: =Z26-Z25 -> -0.4 | AJ26: =AA26-AA25 -> -0.6 | AK26: =AB26-AB25 -> -0.9 | AL26: =AC26-AC25 -> -0.9 | AM26: =AD26-AD25 -> -1.3 | AN26: =AG26-AG25 -> -0.0086717963
X27: 1121221 | Y27: 62.5 | Z27: 20.9 | AA27: 13.1 | AB27: 49.4 | AC27: 46.2 | AD27: 32.3 | AE27: =X26 -> 1121207 | AF27: =DATE(MID(X27,1,3)+1911,MID(X27,4,2),MID(X27,6,2)) -> 45281 | AG27: =1-(Y27-AD27)/Y27 -> 0.5168 | AH27: =Y27-Y26 -> 2.3 | AI27: =Z27-Z26 -> 1.1 | AJ27: =AA27-AA26 -> 1.2 | AK27: =AB27-AB26 -> 1.1 | AL27: =AC27-AC26 -> 1 | AM27: =AD27-AD26 -> 1.6 | AN27: =AG27-AG26 -> 0.0068332226
X28: 1130124 | Y28: 61.4 | Z28: 21.1 | AA28: 13 | AB28: 48.4 | AC28: 45.3 | AD28: 30.9 | AE28: =X27 -> 1121221 | AF28: =DATE(MID(X28,1,3)+1911,MID(X28,4,2),MID(X28,6,2)) -> 45315 | AG28: =1-(Y28-AD28)/Y28 -> 0.50325733 | AH28: =Y28-Y27 -> -1.1 | AI28: =Z28-Z27 -> 0.2 | AJ28: =AA28-AA27 -> -0.1 | AK28: =AB28-AB27 -> -1 | AL28: =AC28-AC27 -> -0.9 | AM28: =AD28-AD27 -> -1.4 | AN28: =AG28-AG27 -> -0.013542671
X29: 1130202 | Y29: 60.7 | Z29: 19.9 | AA29: 12.1 | AB29: 48.6 | AC29: 45.5 | AD29: 31.5 | AE29: =X28 -> 1130124 | AF29: =DATE(MID(X29,1,3)+1911,MID(X29,4,2),MID(X29,6,2)) -> 45324 | AG29: =1-(Y29-AD29)/Y29 -> 0.51894563 | AH29: =Y29-Y28 -> -0.7 | AI29: =Z29-Z28 -> -1.2 | AJ29: =AA29-AA28 -> -0.9 | AK29: =AB29-AB28 -> 0.2 | AL29: =AC29-AC28 -> 0.2 | AM29: =AD29-AD28 -> 0.6 | AN29: =AG29-AG28 -> 0.015688305
X30: 1130229 | Y30: 62.8 | Z30: 21.9 | AA30: 13.8 | AB30: 49 | AC30: 45.9 | AD30: 32.3 | AE30: =X29 -> 1130202 | AF30: =DATE(MID(X30,1,3)+1911,MID(X30,4,2),MID(X30,6,2)) -> 45351 | AG30: =1-(Y30-AD30)/Y30 -> 0.51433121 | AH30: =Y30-Y29 -> 2.1 | AI30: =Z30-Z29 -> 2 | AJ30: =AA30-AA29 -> 1.7 | AK30: =AB30-AB29 -> 0.4 | AL30: =AC30-AC29 -> 0.4 | AM30: =AD30-AD29 -> 0.8 | AN30: =AG30-AG29 -> -0.0046144241
... X32: 1140307 | Y32: 61.3 | Z32: 21.7 | AA32: 13.3 | AB32: 48 | AC32: 45 | AD32: 31.5 | AE32: =X31 -> 1140204 | AF32: =DATE(MID(X32,1,3)+1911,MID(X32,4,2),MID(X32,6,2)) -> 45723 | AG32: =1-(Y32-AD32)/Y32 -> 0.51386623 | AH32: =Y32-Y31 -> -1.5 | AI32: =Z32-Z31 -> -2.1 | AJ32: =AA32-AA31 -> -1.6 | AK32: =AB32-AB31 -> 0.1 | AL32: =AC32-AC31 -> 0.1 | AM32: =AD32-AD31 -> -0.1 | AN32: =AG32-AG31 -> 0.010681518
AE33: =X32 -> 1140307 | AF33: =DATE(MID(X33,1,3)+1911,MID(X33,4,2),MID(X33,6,2)) -> #VALUE! | AG33: =1-(Y33-AD33)/Y33 -> #DIV/0! | AH33: =Y33-Y32 -> -61.3 | AI33: =Z33-Z32 -> -21.7 | AJ33: =AA33-AA32 -> -13.3 | AK33: =AB33-AB32 -> -48 | AL33: =AC33-AC32 -> -45 | AM33: =AD33-AD32 -> -31.5 | AN33: =AG33-AG32 -> #DIV/0!
AE34: =X33 -> 0 | AF34: =DATE(MID(X34,1,3)+1911,MID(X34,4,2),MID(X34,6,2)) -> #VALUE! | AG34: =1-(Y34-AD34)/Y34 -> #DIV/0! | AH34: =Y34-Y33 -> 0 | AI34: =Z34-Z33 -> 0 | AJ34: =AA34-AA33 -> 0 | AK34: =AB34-AB33 -> 0 | AL34: =AC34-AC33 -> 0 | AM34: =AD34-AD33 -> 0 | AN34: =AG34-AG33 -> #DIV/0!
AE35: =X34 -> 0 | AF35: =DATE(MID(X35,1,3)+1911,MID(X35,4,2),MID(X35,6,2)) -> #VALUE! | AG35: =1-(Y35-AD35)/Y35 -> #DIV/0! | AH35: =Y35-Y34 -> 0 | AI35: =Z35-Z34 -> 0 | AJ35: =AA35-AA34 -> 0 | AK35: =AB35-AB34 -> 0 | AL35: =AC35-AC34 -> 0 | AM35: =AD35-AD34 -> 0 | AN35: =AG35-AG34 -> #DIV/0!
AE36: =X35 -> 0 | AF36: =DATE(MID(X36,1,3)+1911,MID(X36,4,2),MID(X36,6,2)) -> #VALUE! | AG36: =1-(Y36-AD36)/Y36 -> #DIV/0! | AH36: =Y36-Y35 -> 0 | AI36: =Z36-Z35 -> 0 | AJ36: =AA36-AA35 -> 0 | AK36: =AB36-AB35 -> 0 | AL36: =AC36-AC35 -> 0 | AM36: =AD36-AD35 -> 0 | AN36: =AG36-AG35 -> #DIV/0!
AE37: =X36 -> 0 | AF37: =DATE(MID(X37,1,3)+1911,MID(X37,4,2),MID(X37,6,2)) -> #VALUE! | AG37: =1-(Y37-AD37)/Y37 -> #DIV/0! | AH37: =Y37-Y36 -> 0 | AI37: =Z37-Z36 -> 0 | AJ37: =AA37-AA36 -> 0 | AK37: =AB37-AB36 -> 0 | AL37: =AC37-AC36 -> 0 | AM37: =AD37-AD36 -> 0 | AN37: =AG37-AG36 -> #DIV/0!
AE38: =X37 -> 0 | AF38: =DATE(MID(X38,1,3)+1911,MID(X38,4,2),MID(X38,6,2)) -> #VALUE! | AG38: =1-(Y38-AD38)/Y38 -> #DIV/0! | AH38: =Y38-Y37 -> 0 | AI38: =Z38-Z37 -> 0 | AJ38: =AA38-AA37 -> 0 | AK38: =AB38-AB37 -> 0 | AL38: =AC38-AC37 -> 0 | AM38: =AD38-AD37 -> 0 | AN38: =AG38-AG37 -> #DIV/0!
AE39: =X38 -> 0 | AF39: =DATE(MID(X39,1,3)+1911,MID(X39,4,2),MID(X39,6,2)) -> #VALUE! | AG39: =1-(Y39-AD39)/Y39 -> #DIV/0! | AH39: =Y39-Y38 -> 0 | AI39: =Z39-Z38 -> 0 | AJ39: =AA39-AA38 -> 0 | AK39: =AB39-AB38 -> 0 | AL39: =AC39-AC38 -> 0 | AM39: =AD39-AD38 -> 0 | AN39: =AG39-AG38 -> #DIV/0!
AE40: =X39 -> 0 | AF40: =DATE(MID(X40,1,3)+1911,MID(X40,4,2),MID(X40,6,2)) -> #VALUE! | AG40: =1-(Y40-AD40)/Y40 -> #DIV/0! | AH40: =Y40-Y39 -> 0 | AI40: =Z40-Z39 -> 0 | AJ40: =AA40-AA39 -> 0 | AK40: =AB40-AB39 -> 0 | AL40: =AC40-AC39 -> 0 | AM40: =AD40-AD39 -> 0 | AN40: =AG40-AG39 -> #DIV/0!
AE41: =X40 -> 0 | AF41: =DATE(MID(X41,1,3)+1911,MID(X41,4,2),MID(X41,6,2)) -> #VALUE! | AG41: =1-(Y41-AD41)/Y41 -> #DIV/0! | AH41: =Y41-Y40 -> 0 | AI41: =Z41-Z40 -> 0 | AJ41: =AA41-AA40 -> 0 | AK41: =AB41-AB40 -> 0 | AL41: =AC41-AC40 -> 0 | AM41: =AD41-AD40 -> 0 | AN41: =AG41-AG40 -> #DIV/0!
AE42: =X41 -> 0 | AF42: =DATE(MID(X42,1,3)+1911,MID(X42,4,2),MID(X42,6,2)) -> #VALUE! | AG42: =1-(Y42-AD42)/Y42 -> #DIV/0! | AH42: =Y42-Y41 -> 0 | AI42: =Z42-Z41 -> 0 | AJ42: =AA42-AA41 -> 0 | AK42: =AB42-AB41 -> 0 | AL42: =AC42-AC41 -> 0 | AM42: =AD42-AD41 -> 0 | AN42: =AG42-AG41 -> #DIV/0!
AE43: =X42 -> 0 | AF43: =DATE(MID(X43,1,3)+1911,MID(X43,4,2),MID(X43,6,2)) -> #VALUE! | AG43: =1-(Y43-AD43)/Y43 -> #DIV/0! | AH43: =Y43-Y42 -> 0 | AI43: =Z43-Z42 -> 0 | AJ43: =AA43-AA42 -> 0 | AK43: =AB43-AB42 -> 0 | AL43: =AC43-AC42 -> 0 | AM43: =AD43-AD42 -> 0 | AN43: =AG43-AG42 -> #DIV/0!
AE44: =X43 -> 0 | AF44: =DATE(MID(X44,1,3)+1911,MID(X44,4,2),MID(X44,6,2)) -> #VALUE! | AG44: =1-(Y44-AD44)/Y44 -> #DIV/0! | AH44: =Y44-Y43 -> 0 | AI44: =Z44-Z43 -> 0 | AJ44: =AA44-AA43 -> 0 | AK44: =AB44-AB43 -> 0 | AL44: =AC44-AC43 -> 0 | AM44: =AD44-AD43 -> 0 | AN44: =AG44-AG43 -> #DIV/0!
... AE55: =X54 -> 0 | AF55: =DATE(MID(X55,1,3)+1911,MID(X55,4,2),MID(X55,6,2)) -> #VALUE! | AG55: =1-(Y55-AD55)/Y55 -> #DIV/0! | AH55: =Y55-Y54 -> 0 | AI55: =Z55-Z54 -> 0 | AJ55: =AA55-AA54 -> 0 | AK55: =AB55-AB54 -> 0 | AL55: =AC55-AC54 -> 0 | AM55: =AD55-AD54 -> 0 | AN55: =AG55-AG54 -> #DIV/0!

Sheet 黃映瑄
A1: 量測日期 | B1: 上次量測 | C1: 姓名 | D1: 性別 | E1: 體重 | H1: 體脂率 | K1: 脂肪重 | N1: 去脂肪重 | Q1: 肌肉重 | T1: 總水份 | X1: 日期 | Y1: 體重(kg) | Z1: 體脂率(%) | AA1: 脂肪重(kg) | AB1: 去脂重(kg) | AC1: 肌肉量 | AD1: 身體總水份kg | AE1: 上次量測 | AF1: 星期 | AG1: 身體總水份% | AH1: 體重變化 | AI1: 體脂率變化 | AJ1: 脂肪重變化 | AK1: 去脂重變化 | AL1: 肌肉量變化 | AM1: 水分變化KG | AN1: 水分變化%
A2: "選取" | E2: 體重 | F2: 變化 | G2: 區間 | H2: 體脂率 | I2: 變化 | J2: 區間 | K2: 脂肪重 | L2: 變化 | M2: 區間 | N2: 去脂重 | O2: 變化 | P2: 區間 | Q2: 肌肉重 | R2: 變化 | S2: 區間 | T2: 總水份 | U2: 變化 | V2: 變化% | W2: 區間 | X2: {=_xlfn._xlws.SORT(_xlfn._xlws.FILTER(資料輸入!F:L, ISNUMBER(MATCH(資料輸入!E:E, 黃映瑄!C3, 0))), 1, TRUE)} -> 1120324 | Y2: 47.4 | Z2: 13.4 | AA2: 6.4 | AB2: 41 | AC2: 38.6 | AD2: 26.9 | AF2: =DATE(MID(X2,1,3)+1911,MID(X2,4,2),MID(X2,6,2)) -> 45009 | AG2: =1-(Y2-AD2)/Y2 -> 0.56751055
A3: =MAX(X:X) -> 1140307 | B3: =K6&J7 -> 4周前 | C3: 黃映瑄 | D3: 女 | E3: =LOOKUP($A$3,日期,體重_kg) -> 48 | F3: =LOOKUP($A$3,日期,體重變化) -> -0.7 | G3: =IF(E3<C8,"Q1",IF(E3<C9,"Q2",IF(E3<C10,"Q3",IF(E3<3000,"Q4")))) -> Q1 | H3: =LOOKUP($A$3,日期,體脂率) -> 13.6 | I3: =LOOKUP($A$3,日期,體脂率變化) -> -2.1 | J3: =IF(H3<D8,"Q1",IF(H3<D9,"Q2",IF(H3<D10,"Q3",IF(H3<3000,"Q4")))) -> Q1 | K3: =LOOKUP($A$3,日期,脂肪重_kg) -> 6.5 | L3: =LOOKUP($A$3,日期,脂肪重變化) -> -1.1 | M3: =IF(K3<E8,"Q1",IF(K3<E9,"Q2",IF(K3<E10,"Q3",IF(K3<3000,"Q4")))) -> Q1 | N3: =LOOKUP($A$3,日期,去脂重_kg) -> 41.5 | O3: =LOOKUP($A$3,日期,去脂重變化) -> 0.4 | P3: =IF(N3<F8,"Q1",IF(N3<F9,"Q2",IF(N3<F10,"Q3",IF(N3<3000,"Q4")))) -> Q2 | Q3: =LOOKUP($A$3,日期,肌肉量) -> 39 | R3: =LOOKUP($A$3,日期,肌肉量變化) -> 0.3 | S3: =IF(Q3<G8,"Q1",IF(Q3<G9,"Q2",IF(Q3<G10,"Q3",IF(Q3<3000,"Q4")))) -> Q2 | T3: =LOOKUP($A$3,日期,身體總水份kg) -> 27.6 | U3: =LOOKUP($A$3,日期,水分變化KG) -> 0.2 | V3: =LOOKUP($A$3,日期,水分變化) -> 0.012371663 | W3: =IF(T3<H8,"Q1",IF(T3<H9,"Q2",IF(T3<H10,"Q3",IF(T3<3000,"Q4")))) -> Q2 | X3: 1120413 | Y3: 49.5 | Z3: 15.7 | AA3: 7.8 | AB3: 41.7 | AC3: 39.2 | AD3: 27.9 | AE3: =X2 -> 1120324 | AF3: =DATE(MID(X3,1,3)+1911,MID(X3,4,2),MID(X3,6,2)) -> 45029 | AG3: =1-(Y3-AD3)/Y3 -> 0.56363636 | AH3: =Y3-Y2 -> 2.1 | AI3: =Z3-Z2 -> 2.3 | AJ3: =AA3-AA2 -> 1.4 | AK3: =AB3-AB2 -> 0.7 | AL3: =AC3-AC2 -> 0.6 | AM3: =AD3-AD2 -> 1 | AN3: =AG3-AG2 -> -0.0038741849
A4: =DATE(MID(A3,1,3)+1911,MID(A3,4,2),MID(A3,6,2)) -> 45723 | B4: =DATE(MID(B17,1,3)+1911,MID(B17,4,2),MID(B17,6,2)) -> 45692 | X4: 1120427 | Y4: 48.5 | Z4: 15.2 | AA4: 7.4 | AB4: 41.1 | AC4: 38.7 | AD4: 27.2 | AE4: =X3 -> 1120413 | AF4: =DATE(MID(X4,1,3)+1911,MID(X4,4,2),MID(X4,6,2)) -> 45043 | AG4: =1-(Y4-AD4)/Y4 -> 0.56082474 | AH4: =Y4-Y3 -> -1 | AI4: =Z4-Z3 -> -0.5 | AJ4: =AA4-AA3 -> -0.4 | AK4: =AB4-AB3 -> -0.6 | AL4: =AC4-AC3 -> -0.5 | AM4: =AD4-AD3 -> -0.7 | AN4: =AG4-AG3 -> -0.0028116214
C5: 體重 | D5: 體脂率 | E5: 脂肪重 | F5: 去脂重 | G5: 肌肉重 | H5: 總水份 | X5: 1120511 | Y5: 49.3 | Z5: 16.7 | AA5: 8.2 | AB5: 41.1 | AC5: 38.7 | AD5: 27.4 | AE5: =X4 -> 1120427 | AF5: =DATE(MID(X5,1,3)+1911,MID(X5,4,2),MID(X5,6,2)) -> 45057 | AG5: =1-(Y5-AD5)/Y5 -> 0.55578093 | AH5: =Y5-Y4 -> 0.8 | AI5: =Z5-Z4 -> 1.5 | AJ5: =AA5-AA4 -> 0.8 | AK5: =AB5-AB4 -> 0 | AL5: =AC5-AC4 -> 0 | AM5: =AD5-AD4 -> 0.2 | AN5: =AG5-AG4 -> -0.0050438092
B6: Q1 | C6: =_xlfn.QUARTILE.INC(Y:Y,1) -> 48.45 | D6: =_xlfn.QUARTILE.INC(Z:Z,1) -> 14.475 | E6: =_xlfn.QUARTILE.INC(AA:AA,1) -> 7.075 | F6: =_xlfn.QUARTILE.INC(AB:AB,1) -> 41.1 | G6: =_xlfn.QUARTILE.INC(AC:AC,1) -> 38.7 | H6: =_xlfn.QUARTILE.INC(AD:AD,1) -> 27.2 | J6: =A4-B4 -> 31 | K6: =ROUND(K7,0) -> 4 | X6: 1120629 | Y6: 49.3 | Z6: 15.1 | AA6: 7.4 | AB6: 41.9 | AC6: 39.4 | AD6: 28 | AE6: =X5 -> 1120511 | AF6: =DATE(MID(X6,1,3)+1911,MID(X6,4,2),MID(X6,6,2)) -> 45106 | AG6: =1-(Y6-AD6)/Y6 -> 0.56795132 | AH6: =Y6-Y5 -> 0 | AI6: =Z6-Z5 -> -1.6 | AJ6: =AA6-AA5 -> -0.8 | AK6: =AB6-AB5 -> 0.8 | AL6: =AC6-AC5 -> 0.7 | AM6: =AD6-AD5 -> 0.6 | AN6: =AG6-AG5 -> 0.012170385
B7: =C3 -> 黃映瑄 | C7: =E3 -> 48 | D7: =H3 -> 13.6 | E7: =K3 -> 6.5 | F7: =N3 -> 41.5 | G7: =Q3 -> 39 | H7: =T3 -> 27.6 | J7: 周前 | K7: =J6/7 -> 4.4285714 | X7: 1120713 | Y7: 50.6 | Z7: 15.2 | AA7: 7.7 | AB7: 42.9 | AC7: 40.3 | AD7: 28.9 | AE7: =X6 -> 1120629 | AF7: =DATE(MID(X7,1,3)+1911,MID(X7,4,2),MID(X7,6,2)) -> 45120 | AG7: =1-(Y7-AD7)/Y7 -> 0.57114625 | AH7: =Y7-Y6 -> 1.3 | AI7: =Z7-Z6 -> 0.1 | AJ7: =AA7-AA6 -> 0.3 | AK7: =AB7-AB6 -> 1 | AL7: =AC7-AC6 -> 0.9 | AM7: =AD7-AD6 -> 0.9 | AN7: =AG7-AG6 -> 0.0031949266
A8: 低 | B8: Q2 | C8: =_xlfn.QUARTILE.INC(Y:Y,2) -> 48.7 | D8: =_xlfn.QUARTILE.INC(Z:Z,2) -> 15.15 | E8: =_xlfn.QUARTILE.INC(AA:AA,2) -> 7.4 | F8: =_xlfn.QUARTILE.INC(AB:AB,2) -> 41.4 | G8: =_xlfn.QUARTILE.INC(AC:AC,2) -> 38.9 | H8: =_xlfn.QUARTILE.INC(AD:AD,2) -> 27.55 | X8: 1120720 | Y8: 48.3 | Z8: 14.6 | AA8: 7.1 | AB8: 41.2 | AC8: 38.8 | AD8: 27.1 | AE8: =X7 -> 1120713 | AF8: =DATE(MID(X8,1,3)+1911,MID(X8,4,2),MID(X8,6,2)) -> 45127 | AG8: =1-(Y8-AD8)/Y8 -> 0.5610766 | AH8: =Y8-Y7 -> -2.3 | AI8: =Z8-Z7 -> -0.6 | AJ8: =AA8-AA7 -> -0.6 | AK8: =AB8-AB7 -> -1.7 | AL8: =AC8-AC7 -> -1.5 | AM8: =AD8-AD7 -> -1.8 | AN8: =AG8-AG7 -> -0.010069641
A9: 中等 | B9: Q3 | C9: =_xlfn.QUARTILE.INC(Y:Y,3) -> 49.225 | D9: =_xlfn.QUARTILE.INC(Z:Z,3) -> 15.725 | E9: =_xlfn.QUARTILE.INC(AA:AA,3) -> 7.725 | F9: =_xlfn.QUARTILE.INC(AB:AB,3) -> 41.7 | G9: =_xlfn.QUARTILE.INC(AC:AC,3) -> 39.2 | H9: =_xlfn.QUARTILE.INC(AD:AD,3) -> 27.8 | X9: 1130229 | Y9: 48.5 | Z9: 14.4 | AA9: 7 | AB9: 41.5 | AC9: 39 | AD9: 27.8 | AE9: =X8 -> 1120720 | AF9: =DATE(MID(X9,1,3)+1911,MID(X9,4,2),MID(X9,6,2)) -> 45351 | AG9: =1-(Y9-AD9)/Y9 -> 0.57319588 | AH9: =Y9-Y8 -> 0.2 | AI9: =Z9-Z8 -> -0.2 | AJ9: =AA9-AA8 -> -0.1 | AK9: =AB9-AB8 -> 0.3 | AL9: =AC9-AC8 -> 0.2 | AM9: =AD9-AD8 -> 0.7 | AN9: =AG9-AG8 -> 0.012119272
A10: 高 | B10: Q4 | C10: =_xlfn.QUARTILE.INC(Y:Y,4) -> 50.6 | D10: =_xlfn.QUARTILE.INC(Z:Z,4) -> 16.7 | E10: =_xlfn.QUARTILE.INC(AA:AA,4) -> 8.2 | F10: =_xlfn.QUARTILE.INC(AB:AB,4) -> 42.9 | G10: =_xlfn.QUARTILE.INC(AC:AC,4) -> 40.3 | H10: =_xlfn.QUARTILE.INC(AD:AD,4) -> 28.9 | X10: 1130307 | Y10: 48.6 | Z10: 13.6 | AA10: 6.6 | AB10: 42 | AC10: 39.5 | AD10: 27.9 | AE10: =X9 -> 1130229 | AF10: =DATE(MID(X10,1,3)+1911,MID(X10,4,2),MID(X10,6,2)) -> 45358 | AG10: =1-(Y10-AD10)/Y10 -> 0.57407407 | AH10: =Y10-Y9 -> 0.1 | AI10: =Z10-Z9 -> -0.8 | AJ10: =AA10-AA9 -> -0.4 | AK10: =AB10-AB9 -> 0.5 | AL10: =AC10-AC9 -> 0.5 | AM10: =AD10-AD9 -> 0.1 | AN10: =AG10-AG9 -> 0.00087819779
X11: 1130314 | Y11: 48.2 | Z11: 14.1 | AA11: 6.8 | AB11: 41.4 | AC11: 38.9 | AD11: 27.2 | AE11: =X10 -> 1130307 | AF11: =DATE(MID(X11,1,3)+1911,MID(X11,4,2),MID(X11,6,2)) -> 45365 | AG11: =1-(Y11-AD11)/Y11 -> 0.56431535 | AH11: =Y11-Y10 -> -0.4 | AI11: =Z11-Z10 -> 0.5 | AJ11: =AA11-AA10 -> 0.2 | AK11: =AB11-AB10 -> -0.6 | AL11: =AC11-AC10 -> -0.6 | AM11: =AD11-AD10 -> -0.7 | AN11: =AG11-AG10 -> -0.0097587214
C12: 體重 | D12: 體脂率 | E12: 脂肪重 | F12: 去脂重 | G12: 肌肉重 | H12: 水份kg | I12: 水份% | X12: 1130321 | Y12: 49 | Z12: 15 | AA12: 7.3 | AB12: 41.7 | AC12: 39.2 | AD12: 27.8 | AE12: =X11 -> 1130314 | AF12: =DATE(MID(X12,1,3)+1911,MID(X12,4,2),MID(X12,6,2)) -> 45372 | AG12: =1-(Y12-AD12)/Y12 -> 0.56734694 | AH12: =Y12-Y11 -> 0.8 | AI12: =Z12-Z11 -> 0.9 | AJ12: =AA12-AA11 -> 0.5 | AK12: =AB12-AB11 -> 0.3 | AL12: =AC12-AC11 -> 0.3 | AM12: =AD12-AD11 -> 0.6 | AN12: =AG12-AG11 -> 0.0030315861
B13: =LOOKUP(B14,日期,上次量測) -> 1130502 | C13: =LOOKUP(B13,日期,體重_kg) -> 48.6 | D13: =LOOKUP(B13,日期,體脂率) -> 15.8 | E13: =LOOKUP(B13,日期,脂肪重_kg) -> 7.7 | F13: =LOOKUP(B13,日期,去脂重_kg) -> 40.9 | G13: =LOOKUP(B13,日期,肌肉量) -> 38.5 | H13: =LOOKUP(B13,日期,身體總水份kg) -> 26.9 | I13: =LOOKUP(B13,日期,身體總水份) -> 0.55349794 | X13: 1130328 | Y13: 48.7 | Z13: 14.5 | AA13: 7.1 | AB13: 41.6 | AC13: 39.1 | AD13: 27.6 | AE13: =X12 -> 1130321 | AF13: =DATE(MID(X13,1,3)+1911,MID(X13,4,2),MID(X13,6,2)) -> 45379 | AG13: =1-(Y13-AD13)/Y13 -> 0.56673511 | AH13: =Y13-Y12 -> -0.3 | AI13: =Z13-Z12 -> -0.5 | AJ13: =AA13-AA12 -> -0.2 | AK13: =AB13-AB12 -> -0.1 | AL13: =AC13-AC12 -> -0.1 | AM13: =AD13-AD12 -> -0.2 | AN13: =AG13-AG12 -> -0.00061182584
B14: =LOOKUP(B15,日期,上次量測) -> 1130509 | C14: =LOOKUP(B14,日期,體重_kg) -> 48 | D14: =LOOKUP(B14,日期,體脂率) -> 15.6 | E14: =LOOKUP(B14,日期,脂肪重_kg) -> 7.5 | F14: =LOOKUP(B14,日期,去脂重_kg) -> 40.5 | G14: =LOOKUP(B14,日期,肌肉量) -> 38.1 | H14: =LOOKUP(B14,日期,身體總水份kg) -> 26.6 | I14: =LOOKUP(B14,日期,身體總水份) -> 0.55416667 | X14: 1130418 | Y14: 49.2 | Z14: 16.2 | AA14: 8 | AB14: 41.2 | AC14: 38.8 | AD14: 27.5 | AE14: =X13 -> 1130328 | AF14: =DATE(MID(X14,1,3)+1911,MID(X14,4,2),MID(X14,6,2)) -> 45400 | AG14: =1-(Y14-AD14)/Y14 -> 0.55894309 | AH14: =Y14-Y13 -> 0.5 | AI14: =Z14-Z13 -> 1.7 | AJ14: =AA14-AA13 -> 0.9 | AK14: =AB14-AB13 -> -0.4 | AL14: =AC14-AC13 -> -0.3 | AM14: =AD14-AD13 -> -0.1 | AN14: =AG14-AG13 -> -0.0077920235
B15: =LOOKUP(B16,日期,上次量測) -> 1130530 | C15: =LOOKUP(B15,日期,體重_kg) -> 48.9 | D15: =LOOKUP(B15,日期,體脂率) -> 14.8 | E15: =LOOKUP(B15,日期,脂肪重_kg) -> 7.2 | F15: =LOOKUP(B15,日期,去脂重_kg) -> 41.7 | G15: =LOOKUP(B15,日期,肌肉量) -> 39.2 | H15: =LOOKUP(B15,日期,身體總水份kg) -> 27.6 | I15: =LOOKUP(B15,日期,身體總水份) -> 0.56441718 | X15: 1130425 | Y15: 49.2 | Z15: 16.1 | AA15: 7.9 | AB15: 41.3 | AC15: 38.8 | AD15: 27.6 | AE15: =X14 -> 1130418 | AF15: =DATE(MID(X15,1,3)+1911,MID(X15,4,2),MID(X15,6,2)) -> 45407 | AG15: =1-(Y15-AD15)/Y15 -> 0.56097561 | AH15: =Y15-Y14 -> 0 | AI15: =Z15-Z14 -> -0.1 | AJ15: =AA15-AA14 -> -0.1 | AK15: =AB15-AB14 -> 0.1 | AL15: =AC15-AC14 -> 0 | AM15: =AD15-AD14 -> 0.1 | AN15: =AG15-AG14 -> 0.0020325203
B16: =LOOKUP(B17,日期,上次量測) -> 1130620 | C16: =LOOKUP(B16,日期,體重_kg) -> 49.4 | D16: =LOOKUP(B16,日期,體脂率) -> 16.1 | E16: =LOOKUP(B16,日期,脂肪重_kg) -> 8 | F16: =LOOKUP(B16,日期,去脂重_kg) -> 41.4 | G16: =LOOKUP(B16,日期,肌肉量) -> 38.9 | H16: =LOOKUP(B16,日期,身體總水份kg) -> 27.4 | I16: =LOOKUP(B16,日期,身體總水份) -> 0.55465587 | X16: 1130502 | Y16: 48.6 | Z16: 15.8 | AA16: 7.7 | AB16: 40.9 | AC16: 38.5 | AD16: 26.9 | AE16: =X15 -> 1130425 | AF16: =DATE(MID(X16,1,3)+1911,MID(X16,4,2),MID(X16,6,2)) -> 45414 | AG16: =1-(Y16-AD16)/Y16 -> 0.55349794 | AH16: =Y16-Y15 -> -0.6 | AI16: =Z16-Z15 -> -0.3 | AJ16: =AA16-AA15 -> -0.2 | AK16: =AB16-AB15 -> -0.4 | AL16: =AC16-AC15 -> -0.3 | AM16: =AD16-AD15 -> -0.7 | AN16: =AG16-AG15 -> -0.0074776674
B17: =LOOKUP(B18,日期,上次量測) -> 1140204 | C17: =LOOKUP(B17,日期,體重_kg) -> 48.7 | D17: =LOOKUP(B17,日期,體脂率) -> 15.7 | E17: =LOOKUP(B17,日期,脂肪重_kg) -> 7.6 | F17: =LOOKUP(B17,日期,去脂重_kg) -> 41.1 | G17: =LOOKUP(B17,日期,肌肉量) -> 38.7 | H17: =LOOKUP(B17,日期,身體總水份kg) -> 27.4 | I17: =LOOKUP(B17,日期,身體總水份) -> 0.56262834 | X17: 1130509 | Y17: 48 | Z17: 15.6 | AA17: 7.5 | AB17: 40.5 | AC17: 38.1 | AD17: 26.6 | AE17: =X16 -> 1130502 | AF17: =DATE(MID(X17,1,3)+1911,MID(X17,4,2),MID(X17,6,2)) -> 45421 | AG17: =1-(Y17-AD17)/Y17 -> 0.55416667 | AH17: =Y17-Y16 -> -0.6 | AI17: =Z17-Z16 -> -0.2 | AJ17: =AA17-AA16 -> -0.2 | AK17: =AB17-AB16 -> -0.4 | AL17: =AC17-AC16 -> -0.4 | AM17: =AD17-AD16 -> -0.3 | AN17: =AG17-AG16 -> 0.00066872428
B18: =A3 -> 1140307 | C18: =LOOKUP(B18,日期,體重_kg) -> 48 | D18: =LOOKUP(B18,日期,體脂率) -> 13.6 | E18: =LOOKUP(B18,日期,脂肪重_kg) -> 6.5 | F18: =LOOKUP(B18,日期,去脂重_kg) -> 41.5 | G18: =LOOKUP(B18,日期,肌肉量) -> 39 | H18: =LOOKUP(B18,日期,身體總水份kg) -> 27.6 | I18: =LOOKUP(B18,日期,身體總水份) -> 0.575 | X18: 1130530 | Y18: 48.9 | Z18: 14.8 | AA18: 7.2 | AB18: 41.7 | AC18: 39.2 | AD18: 27.6 | AE18: =X17 -> 1130509 | AF18: =DATE(MID(X18,1,3)+1911,MID(X18,4,2),MID(X18,6,2)) -> 45442 | AG18: =1-(Y18-AD18)/Y18 -> 0.56441718 | AH18: =Y18-Y17 -> 0.9 | AI18: =Z18-Z17 -> -0.8 | AJ18: =AA18-AA17 -> -0.3 | AK18: =AB18-AB17 -> 1.2 | AL18: =AC18-AC17 -> 1.1 | AM18: =AD18-AD17 -> 1 | AN18: =AG18-AG17 -> 0.010250511
X19: 1130620 | Y19: 49.4 | Z19: 16.1 | AA19: 8 | AB19: 41.4 | AC19: 38.9 | AD19: 27.4 | AE19: =X18 -> 1130530 | AF19: =DATE(MID(X19,1,3)+1911,MID(X19,4,2),MID(X19,6,2)) -> 45463 | AG19: =1-(Y19-AD19)/Y19 -> 0.55465587 | AH19: =Y19-Y18 -> 0.5 | AI19: =Z19-Z18 -> 1.3 | AJ19: =AA19-AA18 -> 0.8 | AK19: =AB19-AB18 -> -0.3 | AL19: =AC19-AC18 -> -0.3 | AM19: =AD19-AD18 -> -0.2 | AN19: =AG19-AG18 -> -0.0097613075
X20: 1140204 | Y20: 48.7 | Z20: 15.7 | AA20: 7.6 | AB20: 41.1 | AC20: 38.7 | AD20: 27.4 | AE20: =X19 -> 1130620 | AF20: =DATE(MID(X20,1,3)+1911,MID(X20,4,2),MID(X20,6,2)) -> 45692 | AG20: =1-(Y20-AD20)/Y20 -> 0.56262834 | AH20: =Y20-Y19 -> -0.7 | AI20: =Z20-Z19 -> -0.4 | AJ20: =AA20-AA19 -> -0.4 | AK20: =AB20-AB19 -> -0.3 | AL20: =AC20-AC19 -> -0.2 | AM20: =AD20-AD19 -> 0 | AN20: =AG20-AG19 -> 0.0079724663
X21: 1140307 | Y21: 48 | Z21: 13.6 | AA21: 6.5 | AB21: 41.5 | AC21: 39 | AD21: 27.6 | AE21: =X20 -> 1140204 | AF21: =DATE(MID(X21,1,3)+1911,MID(X21,4,2),MID(X21,6,2)) -> 45723 | AG21: =1-(Y21-AD21)/Y21 -> 0.575 | AH21: =Y21-Y20 -> -0.7 | AI21: =Z21-Z20 -> -2.1 | AJ21: =AA21-AA20 -> -1.1 | AK21: =AB21-AB20 -> 0.4 | AL21: =AC21-AC20 -> 0.3 | AM21: =AD21-AD20 -> 0.2 | AN21: =AG21-AG20 -> 0.012371663
AE22: =X21 -> 1140307 | AF22: =DATE(MID(X22,1,3)+1911,MID(X22,4,2),MID(X22,6,2)) -> #VALUE! | AG22: =1-(Y22-AD22)/Y22 -> #DIV/0! | AH22: =Y22-Y21 -> -48 | AI22: =Z22-Z21 -> -13.6 | AJ22: =AA22-AA21 -> -6.5 | AK22: =AB22-AB21 -> -41.5 | AL22: =AC22-AC21 -> -39 | AM22: =AD22-AD21 -> -27.6 | AN22: =AG22-AG21 -> #DIV/0!
AE23: =X22 -> 0 | AF23: =DATE(MID(X23,1,3)+1911,MID(X23,4,2),MID(X23,6,2)) -> #VALUE! | AG23: =1-(Y23-AD23)/Y23 -> #DIV/0! | AH23: =Y23-Y22 -> 0 | AI23: =Z23-Z22 -> 0 | AJ23: =AA23-AA22 -> 0 | AK23: =AB23-AB22 -> 0 | AL23: =AC23-AC22 -> 0 | AM23: =AD23-AD22 -> 0 | AN23: =AG23-AG22 -> #DIV/0!
AE24: =X23 -> 0 | AF24: =DATE(MID(X24,1,3)+1911,MID(X24,4,2),MID(X24,6,2)) -> #VALUE! | AG24: =1-(Y24-AD24)/Y24 -> #DIV/0! | AH24: =Y24-Y23 -> 0 | AI24: =Z24-Z23 -> 0 | AJ24: =AA24-AA23 -> 0 | AK24: =AB24-AB23 -> 0 | AL24: =AC24-AC23 -> 0 | AM24: =AD24-AD23 -> 0 | AN24: =AG24-AG23 -> #DIV/0!
AE25: =X24 -> 0 | AF25: =DATE(MID(X25,1,3)+1911,MID(X25,4,2),MID(X25,6,2)) -> #VALUE! | AG25: =1-(Y25-AD25)/Y25 -> #DIV/0! | AH25: =Y25-Y24 -> 0 | AI25: =Z25-Z24 -> 0 | AJ25: =AA25-AA24 -> 0 | AK25: =AB25-AB24 -> 0 | AL25: =AC25-AC24 -> 0 | AM25: =AD25-AD24 -> 0 | AN25: =AG25-AG24 -> #DIV/0!
AE26: =X25 -> 0 | AF26: =DATE(MID(X26,1,3)+1911,MID(X26,4,2),MID(X26,6,2)) -> #VALUE! | AG26: =1-(Y26-AD26)/Y26 -> #DIV/0! | AH26: =Y26-Y25 -> 0 | AI26: =Z26-Z25 -> 0 | AJ26: =AA26-AA25 -> 0 | AK26: =AB26-AB25 -> 0 | AL26: =AC26-AC25 -> 0 | AM26: =AD26-AD25 -> 0 | AN26: =AG26-AG25 -> #DIV/0!
AE27: =X26 -> 0 | AF27: =DATE(MID(X27,1,3)+1911,MID(X27,4,2),MID(X27,6,2)) -> #VALUE! | AG27: =1-(Y27-AD27)/Y27 -> #DIV/0! | AH27: =Y27-Y26 -> 0 | AI27: =Z27-Z26 -> 0 | AJ27: =AA27-AA26 -> 0 | AK27: =AB27-AB26 -> 0 | AL27: =AC27-AC26 -> 0 | AM27: =AD27-AD26 -> 0 | AN27: =AG27-AG26 -> #DIV/0!
AE28: =X27 -> 0 | AF28: =DATE(MID(X28,1,3)+1911,MID(X28,4,2),MID(X28,6,2)) -> #VALUE! | AG28: =1-(Y28-AD28)/Y28 -> #DIV/0! | AH28: =Y28-Y27 -> 0 | AI28: =Z28-Z27 -> 0 | AJ28: =AA28-AA27 -> 0 | AK28: =AB28-AB27 -> 0 | AL28: =AC28-AC27 -> 0 | AM28: =AD28-AD27 -> 0 | AN28: =AG28-AG27 -> #DIV/0!
AE29: =X28 -> 0 | AF29: =DATE(MID(X29,1,3)+1911,MID(X29,4,2),MID(X29,6,2)) -> #VALUE! | AG29: =1-(Y29-AD29)/Y29 -> #DIV/0! | AH29: =Y29-Y28 -> 0 | AI29: =Z29-Z28 -> 0 | AJ29: =AA29-AA28 -> 0 | AK29: =AB29-AB28 -> 0 | AL29: =AC29-AC28 -> 0 | AM29: =AD29-AD28 -> 0 | AN29: =AG29-AG28 -> #DIV/0!
AE30: =X29 -> 0 | AF30: =DATE(MID(X30,1,3)+1911,MID(X30,4,2),MID(X30,6,2)) -> #VALUE! | AG30: =1-(Y30-AD30)/Y30 -> #DIV/0! | AH30: =Y30-Y29 -> 0 | AI30: =Z30-Z29 -> 0 | AJ30: =AA30-AA29 -> 0 | AK30: =AB30-AB29 -> 0 | AL30: =AC30-AC29 -> 0 | AM30: =AD30-AD29 -> 0 | AN30: =AG30-AG29 -> #DIV/0!
AE31: =X30 -> 0 | AF31: =DATE(MID(X31,1,3)+1911,MID(X31,4,2),MID(X31,6,2)) -> #VALUE! | AG31: =1-(Y31-AD31)/Y31 -> #DIV/0! | AH31: =Y31-Y30 -> 0 | AI31: =Z31-Z30 -> 0 | AJ31: =AA31-AA30 -> 0 | AK31: =AB31-AB30 -> 0 | AL31: =AC31-AC30 -> 0 | AM31: =AD31-AD30 -> 0 | AN31: =AG31-AG30 -> #DIV/0!
AE32: =X31 -> 0 | AF32: =DATE(MID(X32,1,3)+1911,MID(X32,4,2),MID(X32,6,2)) -> #VALUE! | AG32: =1-(Y32-AD32)/Y32 -> #DIV/0! | AH32: =Y32-Y31 -> 0 | AI32: =Z32-Z31 -> 0 | AJ32: =AA32-AA31 -> 0 | AK32: =AB32-AB31 -> 0 | AL32: =AC32-AC31 -> 0 | AM32: =AD32-AD31 -> 0 | AN32: =AG32-AG31 -> #DIV/0!
AE33: =X32 -> 0 | AF33: =DATE(MID(X33,1,3)+1911,MID(X33,4,2),MID(X33,6,2)) -> #VALUE! | AG33: =1-(Y33-AD33)/Y33 -> #DIV/0! | AH33: =Y33-Y32 -> 0 | AI33: =Z33-Z32 -> 0 | AJ33: =AA33-AA32 -> 0 | AK33: =AB33-AB32 -> 0 | AL33: =AC33-AC32 -> 0 | AM33: =AD33-AD32 -> 0 | AN33: =AG33-AG32 -> #DIV/0!
... AE55: =X54 -> 0 | AF55: =DATE(MID(X55,1,3)+1911,MID(X55,4,2),MID(X55,6,2)) -> #VALUE! | AG55: =1-(Y55-AD55)/Y55 -> #DIV/0! | AH55: =Y55-Y54 -> 0 | AI55: =Z55-Z54 -> 0 | AJ55: =AA55-AA54 -> 0 | AK55: =AB55-AB54 -> 0 | AL55: =AC55-AC54 -> 0 | AM55: =AD55-AD54 -> 0 | AN55: =AG55-AG54 -> #DIV/0!

Sheet 張芮恩
A1: 量測日期 | B1: 上次量測 | C1: 姓名 | D1: 性別 | E1: 體重 | H1: 體脂率 | K1: 脂肪重 | N1: 去脂肪重 | Q1: 肌肉重 | T1: 總水份 | X1: 日期 | Y1: 體重(kg) | Z1: 體脂率(%) | AA1: 脂肪重(kg) | AB1: 去脂重(kg) | AC1: 肌肉量 | AD1: 身體總水份kg | AE1: 上次量測 | AF1: 星期 | AG1: 身體總水份% | AH1: 體重變化 | AI1: 體脂率變化 | AJ1: 脂肪重變化 | AK1: 去脂重變化 | AL1: 肌肉量變化 | AM1: 水分變化KG | AN1: 水分變化%
A2: "選取" | E2: 體重 | F2: 變化 | G2: 區間 | H2: 體脂率 | I2: 變化 | J2: 區間 | K2: 脂肪重 | L2: 變化 | M2: 區間 | N2: 去脂重 | O2: 變化 | P2: 區間 | Q2: 肌肉重 | R2: 變化 | S2: 區間 | T2: 總水份 | U2: 變化 | V2: 變化% | W2: 區間 | X2: {=_xlfn._xlws.SORT(_xlfn._xlws.FILTER(資料輸入!F:L, ISNUMBER(MATCH(資料輸入!E:E, 張芮恩!C3, 0))), 1, TRUE)} -> 1120106 | Y2: 62.9 | Z2: 20.9 | AA2: 13.1 | AB2: 49.8 | AC2: 46.6 | AD2: 33.3 | AF2: =DATE(MID(X2,1,3)+1911,MID(X2,4,2),MID(X2,6,2)) -> 44932 | AG2: =1-(Y2-AD2)/Y2 -> 0.52941176
A3: =MAX(X:X) -> 1140307 | B3: =K6&J7 -> 4周前 | C3: 張芮恩 | D3: 女 | E3: =LOOKUP($A$3,日期,體重_kg) -> 67 | F3: =LOOKUP($A$3,日期,體重變化) -> 0.8 | G3: =IF(E3<C8,"Q1",IF(E3<C9,"Q2",IF(E3<C10,"Q3",IF(E3<3000,"Q4")))) -> Q4 | H3: =LOOKUP($A$3,日期,體脂率) -> 23.8 | I3: =LOOKUP($A$3,日期,體脂率變化) -> -1.1 | J3: =IF(H3<D8,"Q1",IF(H3<D9,"Q2",IF(H3<D10,"Q3",IF(H3<3000,"Q4")))) -> Q3 | K3: =LOOKUP($A$3,日期,脂肪重_kg) -> 15.9 | L3: =LOOKUP($A$3,日期,脂肪重變化) -> -0.6 | M3: =IF(K3<E8,"Q1",IF(K3<E9,"Q2",IF(K3<E10,"Q3",IF(K3<3000,"Q4")))) -> Q3 | N3: =LOOKUP($A$3,日期,去脂重_kg) -> 51.1 | O3: =LOOKUP($A$3,日期,去脂重變化) -> 1.4 | P3: =IF(N3<F8,"Q1",IF(N3<F9,"Q2",IF(N3<F10,"Q3",IF(N3<3000,"Q4")))) -> Q3 | Q3: =LOOKUP($A$3,日期,肌肉量) -> 47.8 | R3: =LOOKUP($A$3,日期,肌肉量變化) -> 1.3 | S3: =IF(Q3<G8,"Q1",IF(Q3<G9,"Q2",IF(Q3<G10,"Q3",IF(Q3<3000,"Q4")))) -> Q3 | T3: =LOOKUP($A$3,日期,身體總水份kg) -> 35.1 | U3: =LOOKUP($A$3,日期,水分變化KG) -> 2.3 | V3: =LOOKUP($A$3,日期,水分變化) -> 0.028412319 | W3: =IF(T3<H8,"Q1",IF(T3<H9,"Q2",IF(T3<H10,"Q3",IF(T3<3000,"Q4")))) -> Q4 | X3: 1120113 | Y3: 63.3 | Z3: 19.2 | AA3: 12.2 | AB3: 51.1 | AC3: 47.8 | AD3: 34.1 | AE3: =X2 -> 1120106 | AF3: =DATE(MID(X3,1,3)+1911,MID(X3,4,2),MID(X3,6,2)) -> 44939 | AG3: =1-(Y3-AD3)/Y3 -> 0.53870458 | AH3: =Y3-Y2 -> 0.4 | AI3: =Z3-Z2 -> -1.7 | AJ3: =AA3-AA2 -> -0.9 | AK3: =AB3-AB2 -> 1.3 | AL3: =AC3-AC2 -> 1.2 | AM3: =AD3-AD2 -> 0.8 | AN3: =AG3-AG2 -> 0.0092928167
A4: =DATE(MID(A3,1,3)+1911,MID(A3,4,2),MID(A3,6,2)) -> 45723 | B4: =DATE(MID(B17,1,3)+1911,MID(B17,4,2),MID(B17,6,2)) -> 45692 | X4: 1120119 | Y4: 62.5 | Z4: 19.9 | AA4: 12.4 | AB4: 50.1 | AC4: 46.9 | AD4: 33.6 | AE4: =X3 -> 1120113 | AF4: =DATE(MID(X4,1,3)+1911,MID(X4,4,2),MID(X4,6,2)) -> 44945 | AG4: =1-(Y4-AD4)/Y4 -> 0.5376 | AH4: =Y4-Y3 -> -0.8 | AI4: =Z4-Z3 -> 0.7 | AJ4: =AA4-AA3 -> 0.2 | AK4: =AB4-AB3 -> -1 | AL4: =AC4-AC3 -> -0.9 | AM4: =AD4-AD3 -> -0.5 | AN4: =AG4-AG3 -> -0.0011045814
C5: 體重 | D5: 體脂率 | E5: 脂肪重 | F5: 去脂重 | G5: 肌肉重 | H5: 總水份 | X5: 1120130 | Y5: 63.7 | Z5: 22.1 | AA5: 14.1 | AB5: 49.6 | AC5: 46.4 | AD5: 33.3 | AE5: =X4 -> 1120119 | AF5: =DATE(MID(X5,1,3)+1911,MID(X5,4,2),MID(X5,6,2)) -> 44956 | AG5: =1-(Y5-AD5)/Y5 -> 0.52276295 | AH5: =Y5-Y4 -> 1.2 | AI5: =Z5-Z4 -> 2.2 | AJ5: =AA5-AA4 -> 1.7 | AK5: =AB5-AB4 -> -0.5 | AL5: =AC5-AC4 -> -0.5 | AM5: =AD5-AD4 -> -0.3 | AN5: =AG5-AG4 -> -0.014837049
B6: Q1 | C6: =_xlfn.QUARTILE.INC(Y:Y,1) -> 62.5 | D6: =_xlfn.QUARTILE.INC(Z:Z,1) -> 19.5 | E6: =_xlfn.QUARTILE.INC(AA:AA,1) -> 12.25 | F6: =_xlfn.QUARTILE.INC(AB:AB,1) -> 49.8 | G6: =_xlfn.QUARTILE.INC(AC:AC,1) -> 46.6 | H6: =_xlfn.QUARTILE.INC(AD:AD,1) -> 33 | J6: =A4-B4 -> 31 | K6: =ROUND(K7,0) -> 4 | X6: 1120303 | Y6: 63.2 | Z6: 21.5 | AA6: 13.6 | AB6: 49.6 | AC6: 46.4 | AD6: 32.8 | AE6: =X5 -> 1120130 | AF6: =DATE(MID(X6,1,3)+1911,MID(X6,4,2),MID(X6,6,2)) -> 44988 | AG6: =1-(Y6-AD6)/Y6 -> 0.51898734 | AH6: =Y6-Y5 -> -0.5 | AI6: =Z6-Z5 -> -0.6 | AJ6: =AA6-AA5 -> -0.5 | AK6: =AB6-AB5 -> 0 | AL6: =AC6-AC5 -> 0 | AM6: =AD6-AD5 -> -0.5 | AN6: =AG6-AG5 -> -0.0037756096
B7: =C3 -> 張芮恩 | C7: =E3 -> 67 | D7: =H3 -> 23.8 | E7: =K3 -> 15.9 | F7: =N3 -> 51.1 | G7: =Q3 -> 47.8 | H7: =T3 -> 35.1 | J7: 周前 | K7: =J6/7 -> 4.4285714 | X7: 1120317 | Y7: 64.1 | Z7: 22.1 | AA7: 14.2 | AB7: 49.9 | AC7: 46.7 | AD7: 33.7 | AE7: =X6 -> 1120303 | AF7: =DATE(MID(X7,1,3)+1911,MID(X7,4,2),MID(X7,6,2)) -> 45002 | AG7: =1-(Y7-AD7)/Y7 -> 0.52574103 | AH7: =Y7-Y6 -> 0.9 | AI7: =Z7-Z6 -> 0.6 | AJ7: =AA7-AA6 -> 0.6 | AK7: =AB7-AB6 -> 0.3 | AL7: =AC7-AC6 -> 0.3 | AM7: =AD7-AD6 -> 0.9 | AN7: =AG7-AG6 -> 0.0067536879
A8: 低 | B8: Q2 | C8: =_xlfn.QUARTILE.INC(Y:Y,2) -> 63.8 | D8: =_xlfn.QUARTILE.INC(Z:Z,2) -> 20.3 | E8: =_xlfn.QUARTILE.INC(AA:AA,2) -> 13.1 | F8: =_xlfn.QUARTILE.INC(AB:AB,2) -> 50.1 | G8: =_xlfn.QUARTILE.INC(AC:AC,2) -> 46.9 | H8: =_xlfn.QUARTILE.INC(AD:AD,2) -> 33.5 | X8: 1120413 | Y8: 63.2 | Z8: 20.3 | AA8: 12.8 | AB8: 50.4 | AC8: 47.2 | AD8: 34 | AE8: =X7 -> 1120317 | AF8: =DATE(MID(X8,1,3)+1911,MID(X8,4,2),MID(X8,6,2)) -> 45029 | AG8: =1-(Y8-AD8)/Y8 -> 0.53797468 | AH8: =Y8-Y7 -> -0.9 | AI8: =Z8-Z7 -> -1.8 | AJ8: =AA8-AA7 -> -1.4 | AK8: =AB8-AB7 -> 0.5 | AL8: =AC8-AC7 -> 0.5 | AM8: =AD8-AD7 -> 0.3 | AN8: =AG8-AG7 -> 0.012233654
A9: 中等 | B9: Q3 | C9: =_xlfn.QUARTILE.INC(Y:Y,3) -> 64.5 | D9: =_xlfn.QUARTILE.INC(Z:Z,3) -> 22.05 | E9: =_xlfn.QUARTILE.INC(AA:AA,3) -> 14.15 | F9: =_xlfn.QUARTILE.INC(AB:AB,3) -> 50.7 | G9: =_xlfn.QUARTILE.INC(AC:AC,3) -> 47.4 | H9: =_xlfn.QUARTILE.INC(AD:AD,3) -> 34.05 | X9: 1120420 | Y9: 63.5 | Z9: 21.2 | AA9: 13.5 | AB9: 50 | AC9: 46.8 | AD9: 33.6 | AE9: =X8 -> 1120413 | AF9: =DATE(MID(X9,1,3)+1911,MID(X9,4,2),MID(X9,6,2)) -> 45036 | AG9: =1-(Y9-AD9)/Y9 -> 0.52913386 | AH9: =Y9-Y8 -> 0.3 | AI9: =Z9-Z8 -> 0.9 | AJ9: =AA9-AA8 -> 0.7 | AK9: =AB9-AB8 -> -0.4 | AL9: =AC9-AC8 -> -0.4 | AM9: =AD9-AD8 -> -0.4 | AN9: =AG9-AG8 -> -0.0088408253
A10: 高 | B10: Q4 | C10: =_xlfn.QUARTILE.INC(Y:Y,4) -> 67 | D10: =_xlfn.QUARTILE.INC(Z:Z,4) -> 25.3 | E10: =_xlfn.QUARTILE.INC(AA:AA,4) -> 16.8 | F10: =_xlfn.QUARTILE.INC(AB:AB,4) -> 51.7 | G10: =_xlfn.QUARTILE.INC(AC:AC,4) -> 48.4 | H10: =_xlfn.QUARTILE.INC(AD:AD,4) -> 35.1 | X10: 1120427 | Y10: 64.3 | Z10: 20.1 | AA10: 12.9 | AB10: 51.4 | AC10: 48.1 | AD10: 34.6 | AE10: =X9 -> 1120420 | AF10: =DATE(MID(X10,1,3)+1911,MID(X10,4,2),MID(X10,6,2)) -> 45043 | AG10: =1-(Y10-AD10)/Y10 -> 0.53810264 | AH10: =Y10-Y9 -> 0.8 | AI10: =Z10-Z9 -> -1.1 | AJ10: =AA10-AA9 -> -0.6 | AK10: =AB10-AB9 -> 1.4 | AL10: =AC10-AC9 -> 1.3 | AM10: =AD10-AD9 -> 1 | AN10: =AG10-AG9 -> 0.0089687856
X11: 1120504 | Y11: 64.2 | Z11: 19.5 | AA11: 12.5 | AB11: 51.7 | AC11: 48.4 | AD11: 35 | AE11: =X10 -> 1120427 | AF11: =DATE(MID(X11,1,3)+1911,MID(X11,4,2),MID(X11,6,2)) -> 45050 | AG11: =1-(Y11-AD11)/Y11 -> 0.54517134 | AH11: =Y11-Y10 -> -0.1 | AI11: =Z11-Z10 -> -0.6 | AJ11: =AA11-AA10 -> -0.4 | AK11: =AB11-AB10 -> 0.3 | AL11: =AC11-AC10 -> 0.3 | AM11: =AD11-AD10 -> 0.4 | AN11: =AG11-AG10 -> 0.0070686957
C12: 體重 | D12: 體脂率 | E12: 脂肪重 | F12: 去脂重 | G12: 肌肉重 | H12: 水份kg | I12: 水份% | X12: 1120511 | Y12: 63 | Z12: 19.6 | AA12: 12.3 | AB12: 50.7 | AC12: 47.4 | AD12: 34.1 | AE12: =X11 -> 1120504 | AF12: =DATE(MID(X12,1,3)+1911,MID(X12,4,2),MID(X12,6,2)) -> 45057 | AG12: =1-(Y12-AD12)/Y12 -> 0.54126984 | AH12: =Y12-Y11 -> -1.2 | AI12: =Z12-Z11 -> 0.1 | AJ12: =AA12-AA11 -> -0.2 | AK12: =AB12-AB11 -> -1 | AL12: =AC12-AC11 -> -1 | AM12: =AD12-AD11 -> -0.9 | AN12: =AG12-AG11 -> -0.0039014983
B13: =LOOKUP(B14,日期,上次量測) -> 1130530 | C13: =LOOKUP(B13,日期,體重_kg) -> 64.8 | D13: =LOOKUP(B13,日期,體脂率) -> 22.8 | E13: =LOOKUP(B13,日期,脂肪重_kg) -> 14.8 | F13: =LOOKUP(B13,日期,去脂重_kg) -> 50 | G13: =LOOKUP(B13,日期,肌肉量) -> 46.8 | H13: =LOOKUP(B13,日期,身體總水份kg) -> 33.6 | I13: =LOOKUP(B13,日期,身體總水份) -> 0.51851852 | X13: 1120518 | Y13: 62.5 | Z13: 19 | AA13: 11.9 | AB13: 50.6 | AC13: 47.3 | AD13: 33.7 | AE13: =X12 -> 1120511 | AF13: =DATE(MID(X13,1,3)+1911,MID(X13,4,2),MID(X13,6,2)) -> 45064 | AG13: =1-(Y13-AD13)/Y13 -> 0.5392 | AH13: =Y13-Y12 -> -0.5 | AI13: =Z13-Z12 -> -0.6 | AJ13: =AA13-AA12 -> -0.4 | AK13: =AB13-AB12 -> -0.1 | AL13: =AC13-AC12 -> -0.1 | AM13: =AD13-AD12 -> -0.4 | AN13: =AG13-AG12 -> -0.0020698413
B14: =LOOKUP(B15,日期,上次量測) -> 1130606 | C14: =LOOKUP(B14,日期,體重_kg) -> 65.1 | D14: =LOOKUP(B14,日期,體脂率) -> 23.3 | E14: =LOOKUP(B14,日期,脂肪重_kg) -> 15.2 | F14: =LOOKUP(B14,日期,去脂重_kg) -> 49.9 | G14: =LOOKUP(B14,日期,肌肉量) -> 46.7 | H14: =LOOKUP(B14,日期,身體總水份kg) -> 33.1 | I14: =LOOKUP(B14,日期,身體總水份) -> 0.50844854 | X14: 1120525 | Y14: 62.2 | Z14: 19.5 | AA14: 12.1 | AB14: 50.1 | AC14: 46.9 | AD14: 33.6 | AE14: =X13 -> 1120518 | AF14: =DATE(MID(X14,1,3)+1911,MID(X14,4,2),MID(X14,6,2)) -> 45071 | AG14: =1-(Y14-AD14)/Y14 -> 0.54019293 | AH14: =Y14-Y13 -> -0.3 | AI14: =Z14-Z13 -> 0.5 | AJ14: =AA14-AA13 -> 0.2 | AK14: =AB14-AB13 -> -0.5 | AL14: =AC14-AC13 -> -0.4 | AM14: =AD14-AD13 -> -0.1 | AN14: =AG14-AG13 -> 0.00099292605
B15: =LOOKUP(B16,日期,上次量測) -> 1130620 | C15: =LOOKUP(B15,日期,體重_kg) -> 66.3 | D15: =LOOKUP(B15,日期,體脂率) -> 25.3 | E15: =LOOKUP(B15,日期,脂肪重_kg) -> 16.8 | F15: =LOOKUP(B15,日期,去脂重_kg) -> 49.5 | G15: =LOOKUP(B15,日期,肌肉量) -> 46.3 | H15: =LOOKUP(B15,日期,身體總水份kg) -> 33.4 | I15: =LOOKUP(B15,日期,身體總水份) -> 0.50377074 | X15: 1120601 | Y15: 61.7 | Z15: 18.4 | AA15: 11.4 | AB15: 50.3 | AC15: 47.1 | AD15: 33.3 | AE15: =X14 -> 1120525 | AF15: =DATE(MID(X15,1,3)+1911,MID(X15,4,2),MID(X15,6,2)) -> 45078 | AG15: =1-(Y15-AD15)/Y15 -> 0.53970827 | AH15: =Y15-Y14 -> -0.5 | AI15: =Z15-Z14 -> -1.1 | AJ15: =AA15-AA14 -> -0.7 | AK15: =AB15-AB14 -> 0.2 | AL15: =AC15-AC14 -> 0.2 | AM15: =AD15-AD14 -> -0.3 | AN15: =AG15-AG14 -> -0.00048466024
B16: =LOOKUP(B17,日期,上次量測) -> 1130704 | C16: =LOOKUP(B16,日期,體重_kg) -> 65.7 | D16: =LOOKUP(B16,日期,體脂率) -> 23.9 | E16: =LOOKUP(B16,日期,脂肪重_kg) -> 15.7 | F16: =LOOKUP(B16,日期,去脂重_kg) -> 50 | G16: =LOOKUP(B16,日期,肌肉量) -> 46.8 | H16: =LOOKUP(B16,日期,身體總水份kg) -> 33.2 | I16: =LOOKUP(B16,日期,身體總水份) -> 0.50532725 | X16: 1120608 | Y16: 61.5 | Z16: 18.9 | AA16: 11.6 | AB16: 49.9 | AC16: 46.7 | AD16: 33.1 | AE16: =X15 -> 1120601 | AF16: =DATE(MID(X16,1,3)+1911,MID(X16,4,2),MID(X16,6,2)) -> 45085 | AG16: =1-(Y16-AD16)/Y16 -> 0.53821138 | AH16: =Y16-Y15 -> -0.2 | AI16: =Z16-Z15 -> 0.5 | AJ16: =AA16-AA15 -> 0.2 | AK16: =AB16-AB15 -> -0.4 | AL16: =AC16-AC15 -> -0.4 | AM16: =AD16-AD15 -> -0.2 | AN16: =AG16-AG15 -> -0.0014968837
B17: =LOOKUP(B18,日期,上次量測) -> 1140204 | C17: =LOOKUP(B17,日期,體重_kg) -> 66.2 | D17: =LOOKUP(B17,日期,體脂率) -> 24.9 | E17: =LOOKUP(B17,日期,脂肪重_kg) -> 16.5 | F17: =LOOKUP(B17,日期,去脂重_kg) -> 49.7 | G17: =LOOKUP(B17,日期,肌肉量) -> 46.5 | H17: =LOOKUP(B17,日期,身體總水份kg) -> 32.8 | I17: =LOOKUP(B17,日期,身體總水份) -> 0.49546828 | X17: 1120629 | Y17: 63.4 | Z17: 19.5 | AA17: 12.4 | AB17: 51 | AC17: 47.7 | AD17: 34.8 | AE17: =X16 -> 1120608 | AF17: =DATE(MID(X17,1,3)+1911,MID(X17,4,2),MID(X17,6,2)) -> 45106 | AG17: =1-(Y17-AD17)/Y17 -> 0.5488959 | AH17: =Y17-Y16 -> 1.9 | AI17: =Z17-Z16 -> 0.6 | AJ17: =AA17-AA16 -> 0.8 | AK17: =AB17-AB16 -> 1.1 | AL17: =AC17-AC16 -> 1 | AM17: =AD17-AD16 -> 1.7 | AN17: =AG17-AG16 -> 0.010684517
B18: =A3 -> 1140307 | C18: =LOOKUP(B18,日期,體重_kg) -> 67 | D18: =LOOKUP(B18,日期,體脂率) -> 23.8 | E18: =LOOKUP(B18,日期,脂肪重_kg) -> 15.9 | F18: =LOOKUP(B18,日期,去脂重_kg) -> 51.1 | G18: =LOOKUP(B18,日期,肌肉量) -> 47.8 | H18: =LOOKUP(B18,日期,身體總水份kg) -> 35.1 | I18: =LOOKUP(B18,日期,身體總水份) -> 0.5238806 | X18: 1120803 | Y18: 64.5 | Z18: 20.2 | AA18: 13 | AB18: 51.5 | AC18: 48.2 | AD18: 34.8 | AE18: =X17 -> 1120629 | AF18: =DATE(MID(X18,1,3)+1911,MID(X18,4,2),MID(X18,6,2)) -> 45141 | AG18: =1-(Y18-AD18)/Y18 -> 0.53953488 | AH18: =Y18-Y17 -> 1.1 | AI18: =Z18-Z17 -> 0.7 | AJ18: =AA18-AA17 -> 0.6 | AK18: =AB18-AB17 -> 0.5 | AL18: =AC18-AC17 -> 0.5 | AM18: =AD18-AD17 -> 0 | AN18: =AG18-AG17 -> -0.0093610153
X19: 1120824 | Y19: 64.5 | Z19: 20.3 | AA19: 13.1 | AB19: 51.4 | AC19: 48.1 | AD19: 34.7 | AE19: =X18 -> 1120803 | AF19: =DATE(MID(X19,1,3)+1911,MID(X19,4,2),MID(X19,6,2)) -> 45162 | AG19: =1-(Y19-AD19)/Y19 -> 0.5379845 | AH19: =Y19-Y18 -> 0 | AI19: =Z19-Z18 -> 0.1 | AJ19: =AA19-AA18 -> 0.1 | AK19: =AB19-AB18 -> -0.1 | AL19: =AC19-AC18 -> -0.1 | AM19: =AD19-AD18 -> -0.1 | AN19: =AG19-AG18 -> -0.0015503876
X20: 1120831 | Y20: 64.4 | Z20: 21.4 | AA20: 13.8 | AB20: 50.6 | AC20: 47.3 | AD20: 34.2 | AE20: =X19 -> 1120824 | AF20: =DATE(MID(X20,1,3)+1911,MID(X20,4,2),MID(X20,6,2)) -> 45169 | AG20: =1-(Y20-AD20)/Y20 -> 0.5310559 | AH20: =Y20-Y19 -> -0.1 | AI20: =Z20-Z19 -> 1.1 | AJ20: =AA20-AA19 -> 0.7 | AK20: =AB20-AB19 -> -0.8 | AL20: =AC20-AC19 -> -0.8 | AM20: =AD20-AD19 -> -0.5 | AN20: =AG20-AG19 -> -0.0069285955
X21: 1120907 | Y21: 64 | Z21: 21.2 | AA21: 13.6 | AB21: 50.4 | AC21: 47.2 | AD21: 33.9 | AE21: =X20 -> 1120831 | AF21: =DATE(MID(X21,1,3)+1911,MID(X21,4,2),MID(X21,6,2)) -> 45176 | AG21: =1-(Y21-AD21)/Y21 -> 0.5296875 | AH21: =Y21-Y20 -> -0.4 | AI21: =Z21-Z20 -> -0.2 | AJ21: =AA21-AA20 -> -0.2 | AK21: =AB21-AB20 -> -0.2 | AL21: =AC21-AC20 -> -0.1 | AM21: =AD21-AD20 -> -0.3 | AN21: =AG21-AG20 -> -0.0013684006
X22: 1120914 | Y22: 63.9 | Z22: 21.6 | AA22: 13.8 | AB22: 50.1 | AC22: 46.9 | AD22: 33.3 | AE22: =X21 -> 1120907 | AF22: =DATE(MID(X22,1,3)+1911,MID(X22,4,2),MID(X22,6,2)) -> 45183 | AG22: =1-(Y22-AD22)/Y22 -> 0.52112676 | AH22: =Y22-Y21 -> -0.1 | AI22: =Z22-Z21 -> 0.4 | AJ22: =AA22-AA21 -> 0.2 | AK22: =AB22-AB21 -> -0.3 | AL22: =AC22-AC21 -> -0.3 | AM22: =AD22-AD21 -> -0.6 | AN22: =AG22-AG21 -> -0.0085607394
X23: 1121019 | Y23: 64 | Z23: 21 | AA23: 13.4 | AB23: 50.6 | AC23: 47.3 | AD23: 33.8 | AE23: =X22 -> 1120914 | AF23: =DATE(MID(X23,1,3)+1911,MID(X23,4,2),MID(X23,6,2)) -> 45218 | AG23: =1-(Y23-AD23)/Y23 -> 0.528125 | AH23: =Y23-Y22 -> 0.1 | AI23: =Z23-Z22 -> -0.6 | AJ23: =AA23-AA22 -> -0.4 | AK23: =AB23-AB22 -> 0.5 | AL23: =AC23-AC22 -> 0.4 | AM23: =AD23-AD22 -> 0.5 | AN23: =AG23-AG22 -> 0.0069982394
X24: 1121102 | Y24: 64.5 | Z24: 22 | AA24: 14.2 | AB24: 50.3 | AC24: 47.1 | AD24: 33.5 | AE24: =X23 -> 1121019 | AF24: =DATE(MID(X24,1,3)+1911,MID(X24,4,2),MID(X24,6,2)) -> 45232 | AG24: =1-(Y24-AD24)/Y24 -> 0.51937984 | AH24: =Y24-Y23 -> 0.5 | AI24: =Z24-Z23 -> 1 | AJ24: =AA24-AA23 -> 0.8 | AK24: =AB24-AB23 -> -0.3 | AL24: =AC24-AC23 -> -0.2 | AM24: =AD24-AD23 -> -0.3 | AN24: =AG24-AG23 -> -0.008745155
X25: 1121116 | Y25: 65.2 | Z25: 21.1 | AA25: 13.8 | AB25: 51.4 | AC25: 48.1 | AD25: 34.3 | AE25: =X24 -> 1121102 | AF25: =DATE(MID(X25,1,3)+1911,MID(X25,4,2),MID(X25,6,2)) -> 45246 | AG25: =1-(Y25-AD25)/Y25 -> 0.52607362 | AH25: =Y25-Y24 -> 0.7 | AI25: =Z25-Z24 -> -0.9 | AJ25: =AA25-AA24 -> -0.4 | AK25: =AB25-AB24 -> 1.1 | AL25: =AC25-AC24 -> 1 | AM25: =AD25-AD24 -> 0.8 | AN25: =AG25-AG24 -> 0.0066937747
X26: 1121123 | Y26: 63.6 | Z26: 20.3 | AA26: 12.9 | AB26: 50.7 | AC26: 47.4 | AD26: 33.5 | AE26: =X25 -> 1121116 | AF26: =DATE(MID(X26,1,3)+1911,MID(X26,4,2),MID(X26,6,2)) -> 45253 | AG26: =1-(Y26-AD26)/Y26 -> 0.52672956 | AH26: =Y26-Y25 -> -1.6 | AI26: =Z26-Z25 -> -0.8 | AJ26: =AA26-AA25 -> -0.9 | AK26: =AB26-AB25 -> -0.7 | AL26: =AC26-AC25 -> -0.7 | AM26: =AD26-AD25 -> -0.8 | AN26: =AG26-AG25 -> 0.00065594012
X27: 1121130 | Y27: 64.3 | Z27: 20.1 | AA27: 12.9 | AB27: 51.4 | AC27: 48.1 | AD27: 34.5 | AE27: =X26 -> 1121123 | AF27: =DATE(MID(X27,1,3)+1911,MID(X27,4,2),MID(X27,6,2)) -> 45260 | AG27: =1-(Y27-AD27)/Y27 -> 0.53654743 | AH27: =Y27-Y26 -> 0.7 | AI27: =Z27-Z26 -> -0.2 | AJ27: =AA27-AA26 -> 0 | AK27: =AB27-AB26 -> 0.7 | AL27: =AC27-AC26 -> 0.7 | AM27: =AD27-AD26 -> 1 | AN27: =AG27-AG26 -> 0.0098178742
X28: 1121207 | Y28: 63.7 | Z28: 19.4 | AA28: 12.4 | AB28: 51.3 | AC28: 48 | AD28: 34.4 | AE28: =X27 -> 1121130 | AF28: =DATE(MID(X28,1,3)+1911,MID(X28,4,2),MID(X28,6,2)) -> 45267 | AG28: =1-(Y28-AD28)/Y28 -> 0.5400314 | AH28: =Y28-Y27 -> -0.6 | AI28: =Z28-Z27 -> -0.7 | AJ28: =AA28-AA27 -> -0.5 | AK28: =AB28-AB27 -> -0.1 | AL28: =AC28-AC27 -> -0.1 | AM28: =AD28-AD27 -> -0.1 | AN28: =AG28-AG27 -> 0.0034839633
X29: 1121221 | Y29: 64.9 | Z29: 21.3 | AA29: 13.8 | AB29: 51.1 | AC29: 47.8 | AD29: 33.9 | AE29: =X28 -> 1121207 | AF29: =DATE(MID(X29,1,3)+1911,MID(X29,4,2),MID(X29,6,2)) -> 45281 | AG29: =1-(Y29-AD29)/Y29 -> 0.52234206 | AH29: =Y29-Y28 -> 1.2 | AI29: =Z29-Z28 -> 1.9 | AJ29: =AA29-AA28 -> 1.4 | AK29: =AB29-AB28 -> -0.2 | AL29: =AC29-AC28 -> -0.2 | AM29: =AD29-AD28 -> -0.5 | AN29: =AG29-AG28 -> -0.017689332
X30: 1121228 | Y30: 62.1 | Z30: 19.5 | AA30: 12.1 | AB30: 50 | AC30: 46.8 | AD30: 32.9 | AE30: =X29 -> 1121221 | AF30: =DATE(MID(X30,1,3)+1911,MID(X30,4,2),MID(X30,6,2)) -> 45288 | AG30: =1-(Y30-AD30)/Y30 -> 0.52979066 | AH30: =Y30-Y29 -> -2.8 | AI30: =Z30-Z29 -> -1.8 | AJ30: =AA30-AA29 -> -1.7 | AK30: =AB30-AB29 -> -1.1 | AL30: =AC30-AC29 -> -1 | AM30: =AD30-AD29 -> -1 | AN30: =AG30-AG29 -> 0.0074485955
... X48: 1140307 | Y48: 67 | Z48: 23.8 | AA48: 15.9 | AB48: 51.1 | AC48: 47.8 | AD48: 35.1 | AE48: =X47 -> 1140204 | AF48: =DATE(MID(X48,1,3)+1911,MID(X48,4,2),MID(X48,6,2)) -> 45723 | AG48: =1-(Y48-AD48)/Y48 -> 0.5238806 | AH48: =Y48-Y47 -> 0.8 | AI48: =Z48-Z47 -> -1.1 | AJ48: =AA48-AA47 -> -0.6 | AK48: =AB48-AB47 -> 1.4 | AL48: =AC48-AC47 -> 1.3 | AM48: =AD48-AD47 -> 2.3 | AN48: =AG48-AG47 -> 0.028412319
AE49: =X48 -> 1140307 | AF49: =DATE(MID(X49,1,3)+1911,MID(X49,4,2),MID(X49,6,2)) -> #VALUE! | AG49: =1-(Y49-AD49)/Y49 -> #DIV/0! | AH49: =Y49-Y48 -> -67 | AI49: =Z49-Z48 -> -23.8 | AJ49: =AA49-AA48 -> -15.9 | AK49: =AB49-AB48 -> -51.1 | AL49: =AC49-AC48 -> -47.8 | AM49: =AD49-AD48 -> -35.1 | AN49: =AG49-AG48 -> #DIV/0!
AE50: =X49 -> 0 | AF50: =DATE(MID(X50,1,3)+1911,MID(X50,4,2),MID(X50,6,2)) -> #VALUE! | AG50: =1-(Y50-AD50)/Y50 -> #DIV/0! | AH50: =Y50-Y49 -> 0 | AI50: =Z50-Z49 -> 0 | AJ50: =AA50-AA49 -> 0 | AK50: =AB50-AB49 -> 0 | AL50: =AC50-AC49 -> 0 | AM50: =AD50-AD49 -> 0 | AN50: =AG50-AG49 -> #DIV/0!
AE51: =X50 -> 0 | AF51: =DATE(MID(X51,1,3)+1911,MID(X51,4,2),MID(X51,6,2)) -> #VALUE! | AG51: =1-(Y51-AD51)/Y51 -> #DIV/0! | AH51: =Y51-Y50 -> 0 | AI51: =Z51-Z50 -> 0 | AJ51: =AA51-AA50 -> 0 | AK51: =AB51-AB50 -> 0 | AL51: =AC51-AC50 -> 0 | AM51: =AD51-AD50 -> 0 | AN51: =AG51-AG50 -> #DIV/0!
AE52: =X51 -> 0 | AF52: =DATE(MID(X52,1,3)+1911,MID(X52,4,2),MID(X52,6,2)) -> #VALUE! | AG52: =1-(Y52-AD52)/Y52 -> #DIV/0! | AH52: =Y52-Y51 -> 0 | AI52: =Z52-Z51 -> 0 | AJ52: =AA52-AA51 -> 0 | AK52: =AB52-AB51 -> 0 | AL52: =AC52-AC51 -> 0 | AM52: =AD52-AD51 -> 0 | AN52: =AG52-AG51 -> #DIV/0!
AE53: =X52 -> 0 | AF53: =DATE(MID(X53,1,3)+1911,MID(X53,4,2),MID(X53,6,2)) -> #VALUE! | AG53: =1-(Y53-AD53)/Y53 -> #DIV/0! | AH53: =Y53-Y52 -> 0 | AI53: =Z53-Z52 -> 0 | AJ53: =AA53-AA52 -> 0 | AK53: =AB53-AB52 -> 0 | AL53: =AC53-AC52 -> 0 | AM53: =AD53-AD52 -> 0 | AN53: =AG53-AG52 -> #DIV/0!
AE54: =X53 -> 0 | AF54: =DATE(MID(X54,1,3)+1911,MID(X54,4,2),MID(X54,6,2)) -> #VALUE! | AG54: =1-(Y54-AD54)/Y54 -> #DIV/0! | AH54: =Y54-Y53 -> 0 | AI54: =Z54-Z53 -> 0 | AJ54: =AA54-AA53 -> 0 | AK54: =AB54-AB53 -> 0 | AL54: =AC54-AC53 -> 0 | AM54: =AD54-AD53 -> 0 | AN54: =AG54-AG53 -> #DIV/0!
AE55: =X54 -> 0 | AF55: =DATE(MID(X55,1,3)+1911,MID(X55,4,2),MID(X55,6,2)) -> #VALUE! | AG55: =1-(Y55-AD55)/Y55 -> #DIV/0! | AH55: =Y55-Y54 -> 0 | AI55: =Z55-Z54 -> 0 | AJ55: =AA55-AA54 -> 0 | AK55: =AB55-AB54 -> 0 | AL55: =AC55-AC54 -> 0 | AM55: =AD55-AD54 -> 0 | AN55: =AG55-AG54 -> #DIV/0!

Sheet 邱少萱
A1: 量測日期 | B1: 上次量測 | C1: 姓名 | D1: 性別 | E1: 體重 | H1: 體脂率 | K1: 脂肪重 | N1: 去脂肪重 | Q1: 肌肉重 | T1: 總水份 | X1: 日期 | Y1: 體重(kg) | Z1: 體脂率(%) | AA1: 脂肪重(kg) | AB1: 去脂重(kg) | AC1: 肌肉量 | AD1: 身體總水份kg | AE1: 上次量測 | AF1: 星期 | AG1: 身體總水份% | AH1: 體重變化 | AI1: 體脂率變化 | AJ1: 脂肪重變化 | AK1: 去脂重變化 | AL1: 肌肉量變化 | AM1: 水分變化KG | AN1: 水分變化%
A2: "選取" | E2: 體重 | F2: 變化 | G2: 區間 | H2: 體脂率 | I2: 變化 | J2: 區間 | K2: 脂肪重 | L2: 變化 | M2: 區間 | N2: 去脂重 | O2: 變化 | P2: 區間 | Q2: 肌肉重 | R2: 變化 | S2: 區間 | T2: 總水份 | U2: 變化 | V2: 變化% | W2: 區間 | X2: {=_xlfn._xlws.SORT(_xlfn._xlws.FILTER(資料輸入!F:L, ISNUMBER(MATCH(資料輸入!E:E, 邱少萱!C3, 0))), 1, TRUE)} -> 1120317 | Y2: 59.3 | Z2: 19.3 | AA2: 11.4 | AB2: 47.9 | AC2: 44.9 | AD2: 31.8 | AF2: =DATE(MID(X2,1,3)+1911,MID(X2,4,2),MID(X2,6,2)) -> 45002 | AG2: =1-(Y2-AD2)/Y2 -> 0.53625632
A3: =MAX(X:X) -> 1140320 | B3: =K6&J7 -> 2周前 | C3: 邱少萱 | D3: 女 | E3: =LOOKUP($A$3,日期,體重_kg) -> 59.6 | F3: =LOOKUP($A$3,日期,體重變化) -> 0.4 | G3: =IF(E3<C8,"Q1",IF(E3<C9,"Q2",IF(E3<C10,"Q3",IF(E3<3000,"Q4")))) -> Q2 | H3: =LOOKUP($A$3,日期,體脂率) -> 18.1 | I3: =LOOKUP($A$3,日期,體脂率變化) -> 0.1 | J3: =IF(H3<D8,"Q1",IF(H3<D9,"Q2",IF(H3<D10,"Q3",IF(H3<3000,"Q4")))) -> Q1 | K3: =LOOKUP($A$3,日期,脂肪重_kg) -> 10.8 | L3: =LOOKUP($A$3,日期,脂肪重變化) -> 0.1 | M3: =IF(K3<E8,"Q1",IF(K3<E9,"Q2",IF(K3<E10,"Q3",IF(K3<3000,"Q4")))) -> Q2 | N3: =LOOKUP($A$3,日期,去脂重_kg) -> 48.8 | O3: =LOOKUP($A$3,日期,去脂重變化) -> 0.3 | P3: =IF(N3<F8,"Q1",IF(N3<F9,"Q2",IF(N3<F10,"Q3",IF(N3<3000,"Q4")))) -> Q3 | Q3: =LOOKUP($A$3,日期,肌肉量) -> 45.7 | R3: =LOOKUP($A$3,日期,肌肉量變化) -> 0.3 | S3: =IF(Q3<G8,"Q1",IF(Q3<G9,"Q2",IF(Q3<G10,"Q3",IF(Q3<3000,"Q4")))) -> Q3 | T3: =LOOKUP($A$3,日期,身體總水份kg) -> 33.1 | U3: =LOOKUP($A$3,日期,水分變化KG) -> 0.6 | V3: =LOOKUP($A$3,日期,水分變化) -> 0.006382641 | W3: =IF(T3<H8,"Q1",IF(T3<H9,"Q2",IF(T3<H10,"Q3",IF(T3<3000,"Q4")))) -> Q3 | X3: 1120413 | Y3: 59.7 | Z3: 18.5 | AA3: 11 | AB3: 48.7 | AC3: 45.6 | AD3: 33 | AE3: =X2 -> 1120317 | AF3: =DATE(MID(X3,1,3)+1911,MID(X3,4,2),MID(X3,6,2)) -> 45029 | AG3: =1-(Y3-AD3)/Y3 -> 0.55276382 | AH3: =Y3-Y2 -> 0.4 | AI3: =Z3-Z2 -> -0.8 | AJ3: =AA3-AA2 -> -0.4 | AK3: =AB3-AB2 -> 0.8 | AL3: =AC3-AC2 -> 0.7 | AM3: =AD3-AD2 -> 1.2 | AN3: =AG3-AG2 -> 0.016507495
A4: =DATE(MID(A3,1,3)+1911,MID(A3,4,2),MID(A3,6,2)) -> 45736 | B4: =DATE(MID(B17,1,3)+1911,MID(B17,4,2),MID(B17,6,2)) -> 45723 | X4: 1120427 | Y4: 58.5 | Z4: 18.5 | AA4: 10.8 | AB4: 47.7 | AC4: 44.7 | AD4: 31.8 | AE4: =X3 -> 1120413 | AF4: =DATE(MID(X4,1,3)+1911,MID(X4,4,2),MID(X4,6,2)) -> 45043 | AG4: =1-(Y4-AD4)/Y4 -> 0.54358974 | AH4: =Y4-Y3 -> -1.2 | AI4: =Z4-Z3 -> 0 | AJ4: =AA4-AA3 -> -0.2 | AK4: =AB4-AB3 -> -1 | AL4: =AC4-AC3 -> -0.9 | AM4: =AD4-AD3 -> -1.2 | AN4: =AG4-AG3 -> -0.0091740755
C5: 體重 | D5: 體脂率 | E5: 脂肪重 | F5: 去脂重 | G5: 肌肉重 | H5: 總水份 | X5: 1120511 | Y5: 59.5 | Z5: 18.2 | AA5: 10.8 | AB5: 48.7 | AC5: 45.6 | AD5: 33 | AE5: =X4 -> 1120427 | AF5: =DATE(MID(X5,1,3)+1911,MID(X5,4,2),MID(X5,6,2)) -> 45057 | AG5: =1-(Y5-AD5)/Y5 -> 0.55462185 | AH5: =Y5-Y4 -> 1 | AI5: =Z5-Z4 -> -0.3 | AJ5: =AA5-AA4 -> 0 | AK5: =AB5-AB4 -> 1 | AL5: =AC5-AC4 -> 0.9 | AM5: =AD5-AD4 -> 1.2 | AN5: =AG5-AG4 -> 0.011032105
B6: Q1 | C6: =_xlfn.QUARTILE.INC(Y:Y,1) -> 59.1 | D6: =_xlfn.QUARTILE.INC(Z:Z,1) -> 18 | E6: =_xlfn.QUARTILE.INC(AA:AA,1) -> 10.7 | F6: =_xlfn.QUARTILE.INC(AB:AB,1) -> 48.1 | G6: =_xlfn.QUARTILE.INC(AC:AC,1) -> 45.1 | H6: =_xlfn.QUARTILE.INC(AD:AD,1) -> 32.1 | J6: =A4-B4 -> 13 | K6: =ROUND(K7,0) -> 2 | X6: 1120601 | Y6: 59.1 | Z6: 18.6 | AA6: 11 | AB6: 48.1 | AC6: 45.1 | AD6: 32.1 | AE6: =X5 -> 1120511 | AF6: =DATE(MID(X6,1,3)+1911,MID(X6,4,2),MID(X6,6,2)) -> 45078 | AG6: =1-(Y6-AD6)/Y6 -> 0.54314721 | AH6: =Y6-Y5 -> -0.4 | AI6: =Z6-Z5 -> 0.4 | AJ6: =AA6-AA5 -> 0.2 | AK6: =AB6-AB5 -> -0.6 | AL6: =AC6-AC5 -> -0.5 | AM6: =AD6-AD5 -> -0.9 | AN6: =AG6-AG5 -> -0.011474641
B7: =C3 -> 邱少萱 | C7: =E3 -> 59.6 | D7: =H3 -> 18.1 | E7: =K3 -> 10.8 | F7: =N3 -> 48.8 | G7: =Q3 -> 45.7 | H7: =T3 -> 33.1 | J7: 周前 | K7: =J6/7 -> 1.8571429 | X7: 1120608 | Y7: 58.8 | Z7: 18.2 | AA7: 10.7 | AB7: 48.1 | AC7: 45.1 | AD7: 32.3 | AE7: =X6 -> 1120601 | AF7: =DATE(MID(X7,1,3)+1911,MID(X7,4,2),MID(X7,6,2)) -> 45085 | AG7: =1-(Y7-AD7)/Y7 -> 0.54931973 | AH7: =Y7-Y6 -> -0.3 | AI7: =Z7-Z6 -> -0.4 | AJ7: =AA7-AA6 -> -0.3 | AK7: =AB7-AB6 -> 0 | AL7: =AC7-AC6 -> 0 | AM7: =AD7-AD6 -> 0.2 | AN7: =AG7-AG6 -> 0.0061725198
A8: 低 | B8: Q2 | C8: =_xlfn.QUARTILE.INC(Y:Y,2) -> 59.5 | D8: =_xlfn.QUARTILE.INC(Z:Z,2) -> 18.2 | E8: =_xlfn.QUARTILE.INC(AA:AA,2) -> 10.8 | F8: =_xlfn.QUARTILE.INC(AB:AB,2) -> 48.5 | G8: =_xlfn.QUARTILE.INC(AC:AC,2) -> 45.4 | H8: =_xlfn.QUARTILE.INC(AD:AD,2) -> 32.5 | X8: 1120629 | Y8: 59.7 | Z8: 17.1 | AA8: 10.2 | AB8: 49.5 | AC8: 46.3 | AD8: 33.1 | AE8: =X7 -> 1120608 | AF8: =DATE(MID(X8,1,3)+1911,MID(X8,4,2),MID(X8,6,2)) -> 45106 | AG8: =1-(Y8-AD8)/Y8 -> 0.55443886 | AH8: =Y8-Y7 -> 0.9 | AI8: =Z8-Z7 -> -1.1 | AJ8: =AA8-AA7 -> -0.5 | AK8: =AB8-AB7 -> 1.4 | AL8: =AC8-AC7 -> 1.2 | AM8: =AD8-AD7 -> 0.8 | AN8: =AG8-AG7 -> 0.0051191331
A9: 中等 | B9: Q3 | C9: =_xlfn.QUARTILE.INC(Y:Y,3) -> 59.7 | D9: =_xlfn.QUARTILE.INC(Z:Z,3) -> 18.6 | E9: =_xlfn.QUARTILE.INC(AA:AA,3) -> 11 | F9: =_xlfn.QUARTILE.INC(AB:AB,3) -> 48.7 | G9: =_xlfn.QUARTILE.INC(AC:AC,3) -> 45.6 | H9: =_xlfn.QUARTILE.INC(AD:AD,3) -> 33 | X9: 1120713 | Y9: 60.4 | Z9: 19.3 | AA9: 11.7 | AB9: 48.7 | AC9: 45.6 | AD9: 32.7 | AE9: =X8 -> 1120629 | AF9: =DATE(MID(X9,1,3)+1911,MID(X9,4,2),MID(X9,6,2)) -> 45120 | AG9: =1-(Y9-AD9)/Y9 -> 0.54139073 | AH9: =Y9-Y8 -> 0.7 | AI9: =Z9-Z8 -> 2.2 | AJ9: =AA9-AA8 -> 1.5 | AK9: =AB9-AB8 -> -0.8 | AL9: =AC9-AC8 -> -0.7 | AM9: =AD9-AD8 -> -0.4 | AN9: =AG9-AG8 -> -0.013048132
A10: 高 | B10: Q4 | C10: =_xlfn.QUARTILE.INC(Y:Y,4) -> 60.4 | D10: =_xlfn.QUARTILE.INC(Z:Z,4) -> 19.3 | E10: =_xlfn.QUARTILE.INC(AA:AA,4) -> 11.7 | F10: =_xlfn.QUARTILE.INC(AB:AB,4) -> 49.5 | G10: =_xlfn.QUARTILE.INC(AC:AC,4) -> 46.3 | H10: =_xlfn.QUARTILE.INC(AD:AD,4) -> 33.2 | X10: 1120720 | Y10: 58.8 | Z10: 18 | AA10: 10.6 | AB10: 48.2 | AC10: 45.2 | AD10: 31.9 | AE10: =X9 -> 1120713 | AF10: =DATE(MID(X10,1,3)+1911,MID(X10,4,2),MID(X10,6,2)) -> 45127 | AG10: =1-(Y10-AD10)/Y10 -> 0.54251701 | AH10: =Y10-Y9 -> -1.6 | AI10: =Z10-Z9 -> -1.3 | AJ10: =AA10-AA9 -> -1.1 | AK10: =AB10-AB9 -> -0.5 | AL10: =AC10-AC9 -> -0.4 | AM10: =AD10-AD9 -> -0.8 | AN10: =AG10-AG9 -> 0.0011262783
X11: 1140204 | Y11: 59.7 | Z11: 19.1 | AA11: 11.4 | AB11: 48.3 | AC11: 45.2 | AD11: 32.4 | AE11: =X10 -> 1120720 | AF11: =DATE(MID(X11,1,3)+1911,MID(X11,4,2),MID(X11,6,2)) -> 45692 | AG11: =1-(Y11-AD11)/Y11 -> 0.54271357 | AH11: =Y11-Y10 -> 0.9 | AI11: =Z11-Z10 -> 1.1 | AJ11: =AA11-AA10 -> 0.8 | AK11: =AB11-AB10 -> 0.1 | AL11: =AC11-AC10 -> 0 | AM11: =AD11-AD10 -> 0.5 | AN11: =AG11-AG10 -> 0.00019656104
C12: 體重 | D12: 體脂率 | E12: 脂肪重 | F12: 去脂重 | G12: 肌肉重 | H12: 水份kg | I12: 水份% | X12: 1140227 | Y12: 60.1 | Z12: 17.9 | AA12: 10.8 | AB12: 49.3 | AC12: 46.2 | AD12: 33.2 | AE12: =X11 -> 1140204 | AF12: =DATE(MID(X12,1,3)+1911,MID(X12,4,2),MID(X12,6,2)) -> 45715 | AG12: =1-(Y12-AD12)/Y12 -> 0.55241265 | AH12: =Y12-Y11 -> 0.4 | AI12: =Z12-Z11 -> -1.2 | AJ12: =AA12-AA11 -> -0.6 | AK12: =AB12-AB11 -> 1 | AL12: =AC12-AC11 -> 1 | AM12: =AD12-AD11 -> 0.8 | AN12: =AG12-AG11 -> 0.0096990778
B13: =LOOKUP(B14,日期,上次量測) -> 1120713 | C13: =LOOKUP(B13,日期,體重_kg) -> 60.4 | D13: =LOOKUP(B13,日期,體脂率) -> 19.3 | E13: =LOOKUP(B13,日期,脂肪重_kg) -> 11.7 | F13: =LOOKUP(B13,日期,去脂重_kg) -> 48.7 | G13: =LOOKUP(B13,日期,肌肉量) -> 45.6 | H13: =LOOKUP(B13,日期,身體總水份kg) -> 32.7 | I13: =LOOKUP(B13,日期,身體總水份) -> 0.54139073 | X13: 1140307 | Y13: 59.2 | Z13: 18 | AA13: 10.7 | AB13: 48.5 | AC13: 45.4 | AD13: 32.5 | AE13: =X12 -> 1140227 | AF13: =DATE(MID(X13,1,3)+1911,MID(X13,4,2),MID(X13,6,2)) -> 45723 | AG13: =1-(Y13-AD13)/Y13 -> 0.54898649 | AH13: =Y13-Y12 -> -0.9 | AI13: =Z13-Z12 -> 0.1 | AJ13: =AA13-AA12 -> -0.1 | AK13: =AB13-AB12 -> -0.8 | AL13: =AC13-AC12 -> -0.8 | AM13: =AD13-AD12 -> -0.7 | AN13: =AG13-AG12 -> -0.0034261591
B14: =LOOKUP(B15,日期,上次量測) -> 1120720 | C14: =LOOKUP(B14,日期,體重_kg) -> 58.8 | D14: =LOOKUP(B14,日期,體脂率) -> 18 | E14: =LOOKUP(B14,日期,脂肪重_kg) -> 10.6 | F14: =LOOKUP(B14,日期,去脂重_kg) -> 48.2 | G14: =LOOKUP(B14,日期,肌肉量) -> 45.2 | H14: =LOOKUP(B14,日期,身體總水份kg) -> 31.9 | I14: =LOOKUP(B14,日期,身體總水份) -> 0.54251701 | X14: 1140320 | Y14: 59.6 | Z14: 18.1 | AA14: 10.8 | AB14: 48.8 | AC14: 45.7 | AD14: 33.1 | AE14: =X13 -> 1140307 | AF14: =DATE(MID(X14,1,3)+1911,MID(X14,4,2),MID(X14,6,2)) -> 45736 | AG14: =1-(Y14-AD14)/Y14 -> 0.55536913 | AH14: =Y14-Y13 -> 0.4 | AI14: =Z14-Z13 -> 0.1 | AJ14: =AA14-AA13 -> 0.1 | AK14: =AB14-AB13 -> 0.3 | AL14: =AC14-AC13 -> 0.3 | AM14: =AD14-AD13 -> 0.6 | AN14: =AG14-AG13 -> 0.006382641
B15: =LOOKUP(B16,日期,上次量測) -> 1140204 | C15: =LOOKUP(B15,日期,體重_kg) -> 59.7 | D15: =LOOKUP(B15,日期,體脂率) -> 19.1 | E15: =LOOKUP(B15,日期,脂肪重_kg) -> 11.4 | F15: =LOOKUP(B15,日期,去脂重_kg) -> 48.3 | G15: =LOOKUP(B15,日期,肌肉量) -> 45.2 | H15: =LOOKUP(B15,日期,身體總水份kg) -> 32.4 | I15: =LOOKUP(B15,日期,身體總水份) -> 0.54271357 | AE15: =X14 -> 1140320 | AF15: =DATE(MID(X15,1,3)+1911,MID(X15,4,2),MID(X15,6,2)) -> #VALUE! | AG15: =1-(Y15-AD15)/Y15 -> #DIV/0! | AH15: =Y15-Y14 -> -59.6 | AI15: =Z15-Z14 -> -18.1 | AJ15: =AA15-AA14 -> -10.8 | AK15: =AB15-AB14 -> -48.8 | AL15: =AC15-AC14 -> -45.7 | AM15: =AD15-AD14 -> -33.1 | AN15: =AG15-AG14 -> #DIV/0!
B16: =LOOKUP(B17,日期,上次量測) -> 1140227 | C16: =LOOKUP(B16,日期,體重_kg) -> 60.1 | D16: =LOOKUP(B16,日期,體脂率) -> 17.9 | E16: =LOOKUP(B16,日期,脂肪重_kg) -> 10.8 | F16: =LOOKUP(B16,日期,去脂重_kg) -> 49.3 | G16: =LOOKUP(B16,日期,肌肉量) -> 46.2 | H16: =LOOKUP(B16,日期,身體總水份kg) -> 33.2 | I16: =LOOKUP(B16,日期,身體總水份) -> 0.55241265 | AE16: =X15 -> 0 | AF16: =DATE(MID(X16,1,3)+1911,MID(X16,4,2),MID(X16,6,2)) -> #VALUE! | AG16: =1-(Y16-AD16)/Y16 -> #DIV/0! | AH16: =Y16-Y15 -> 0 | AI16: =Z16-Z15 -> 0 | AJ16: =AA16-AA15 -> 0 | AK16: =AB16-AB15 -> 0 | AL16: =AC16-AC15 -> 0 | AM16: =AD16-AD15 -> 0 | AN16: =AG16-AG15 -> #DIV/0!
B17: =LOOKUP(B18,日期,上次量測) -> 1140307 | C17: =LOOKUP(B17,日期,體重_kg) -> 59.2 | D17: =LOOKUP(B17,日期,體脂率) -> 18 | E17: =LOOKUP(B17,日期,脂肪重_kg) -> 10.7 | F17: =LOOKUP(B17,日期,去脂重_kg) -> 48.5 | G17: =LOOKUP(B17,日期,肌肉量) -> 45.4 | H17: =LOOKUP(B17,日期,身體總水份kg) -> 32.5 | I17: =LOOKUP(B17,日期,身體總水份) -> 0.54898649 | AE17: =X16 -> 0 | AF17: =DATE(MID(X17,1,3)+1911,MID(X17,4,2),MID(X17,6,2)) -> #VALUE! | AG17: =1-(Y17-AD17)/Y17 -> #DIV/0! | AH17: =Y17-Y16 -> 0 | AI17: =Z17-Z16 -> 0 | AJ17: =AA17-AA16 -> 0 | AK17: =AB17-AB16 -> 0 | AL17: =AC17-AC16 -> 0 | AM17: =AD17-AD16 -> 0 | AN17: =AG17-AG16 -> #DIV/0!
B18: =A3 -> 1140320 | C18: =LOOKUP(B18,日期,體重_kg) -> 59.6 | D18: =LOOKUP(B18,日期,體脂率) -> 18.1 | E18: =LOOKUP(B18,日期,脂肪重_kg) -> 10.8 | F18: =LOOKUP(B18,日期,去脂重_kg) -> 48.8 | G18: =LOOKUP(B18,日期,肌肉量) -> 45.7 | H18: =LOOKUP(B18,日期,身體總水份kg) -> 33.1 | I18: =LOOKUP(B18,日期,身體總水份) -> 0.55536913 | AE18: =X17 -> 0 | AF18: =DATE(MID(X18,1,3)+1911,MID(X18,4,2),MID(X18,6,2)) -> #VALUE! | AG18: =1-(Y18-AD18)/Y18 -> #DIV/0! | AH18: =Y18-Y17 -> 0 | AI18: =Z18-Z17 -> 0 | AJ18: =AA18-AA17 -> 0 | AK18: =AB18-AB17 -> 0 | AL18: =AC18-AC17 -> 0 | AM18: =AD18-AD17 -> 0 | AN18: =AG18-AG17 -> #DIV/0!
AE19: =X18 -> 0 | AF19: =DATE(MID(X19,1,3)+1911,MID(X19,4,2),MID(X19,6,2)) -> #VALUE! | AG19: =1-(Y19-AD19)/Y19 -> #DIV/0! | AH19: =Y19-Y18 -> 0 | AI19: =Z19-Z18 -> 0 | AJ19: =AA19-AA18 -> 0 | AK19: =AB19-AB18 -> 0 | AL19: =AC19-AC18 -> 0 | AM19: =AD19-AD18 -> 0 | AN19: =AG19-AG18 -> #DIV/0!
AE20: =X19 -> 0 | AF20: =DATE(MID(X20,1,3)+1911,MID(X20,4,2),MID(X20,6,2)) -> #VALUE! | AG20: =1-(Y20-AD20)/Y20 -> #DIV/0! | AH20: =Y20-Y19 -> 0 | AI20: =Z20-Z19 -> 0 | AJ20: =AA20-AA19 -> 0 | AK20: =AB20-AB19 -> 0 | AL20: =AC20-AC19 -> 0 | AM20: =AD20-AD19 -> 0 | AN20: =AG20-AG19 -> #DIV/0!
AE21: =X20 -> 0 | AF21: =DATE(MID(X21,1,3)+1911,MID(X21,4,2),MID(X21,6,2)) -> #VALUE! | AG21: =1-(Y21-AD21)/Y21 -> #DIV/0! | AH21: =Y21-Y20 -> 0 | AI21: =Z21-Z20 -> 0 | AJ21: =AA21-AA20 -> 0 | AK21: =AB21-AB20 -> 0 | AL21: =AC21-AC20 -> 0 | AM21: =AD21-AD20 -> 0 | AN21: =AG21-AG20 -> #DIV/0!
AE22: =X21 -> 0 | AF22: =DATE(MID(X22,1,3)+1911,MID(X22,4,2),MID(X22,6,2)) -> #VALUE! | AG22: =1-(Y22-AD22)/Y22 -> #DIV/0! | AH22: =Y22-Y21 -> 0 | AI22: =Z22-Z21 -> 0 | AJ22: =AA22-AA21 -> 0 | AK22: =AB22-AB21 -> 0 | AL22: =AC22-AC21 -> 0 | AM22: =AD22-AD21 -> 0 | AN22: =AG22-AG21 -> #DIV/0!
AE23: =X22 -> 0 | AF23: =DATE(MID(X23,1,3)+1911,MID(X23,4,2),MID(X23,6,2)) -> #VALUE! | AG23: =1-(Y23-AD23)/Y23 -> #DIV/0! | AH23: =Y23-Y22 -> 0 | AI23: =Z23-Z22 -> 0 | AJ23: =AA23-AA22 -> 0 | AK23: =AB23-AB22 -> 0 | AL23: =AC23-AC22 -> 0 | AM23: =AD23-AD22 -> 0 | AN23: =AG23-AG22 -> #DIV/0!
AE24: =X23 -> 0 | AF24: =DATE(MID(X24,1,3)+1911,MID(X24,4,2),MID(X24,6,2)) -> #VALUE! | AG24: =1-(Y24-AD24)/Y24 -> #DIV/0! | AH24: =Y24-Y23 -> 0 | AI24: =Z24-Z23 -> 0 | AJ24: =AA24-AA23 -> 0 | AK24: =AB24-AB23 -> 0 | AL24: =AC24-AC23 -> 0 | AM24: =AD24-AD23 -> 0 | AN24: =AG24-AG23 -> #DIV/0!
AE25: =X24 -> 0 | AF25: =DATE(MID(X25,1,3)+1911,MID(X25,4,2),MID(X25,6,2)) -> #VALUE! | AG25: =1-(Y25-AD25)/Y25 -> #DIV/0! | AH25: =Y25-Y24 -> 0 | AI25: =Z25-Z24 -> 0 | AJ25: =AA25-AA24 -> 0 | AK25: =AB25-AB24 -> 0 | AL25: =AC25-AC24 -> 0 | AM25: =AD25-AD24 -> 0 | AN25: =AG25-AG24 -> #DIV/0!
AE26: =X25 -> 0 | AF26: =DATE(MID(X26,1,3)+1911,MID(X26,4,2),MID(X26,6,2)) -> #VALUE! | AG26: =1-(Y26-AD26)/Y26 -> #DIV/0! | AH26: =Y26-Y25 -> 0 | AI26: =Z26-Z25 -> 0 | AJ26: =AA26-AA25 -> 0 | AK26: =AB26-AB25 -> 0 | AL26: =AC26-AC25 -> 0 | AM26: =AD26-AD25 -> 0 | AN26: =AG26-AG25 -> #DIV/0!
AE27: =X26 -> 0 | AF27: =DATE(MID(X27,1,3)+1911,MID(X27,4,2),MID(X27,6,2)) -> #VALUE! | AG27: =1-(Y27-AD27)/Y27 -> #DIV/0! | AH27: =Y27-Y26 -> 0 | AI27: =Z27-Z26 -> 0 | AJ27: =AA27-AA26 -> 0 | AK27: =AB27-AB26 -> 0 | AL27: =AC27-AC26 -> 0 | AM27: =AD27-AD26 -> 0 | AN27: =AG27-AG26 -> #DIV/0!
AE28: =X27 -> 0 | AF28: =DATE(MID(X28,1,3)+1911,MID(X28,4,2),MID(X28,6,2)) -> #VALUE! | AG28: =1-(Y28-AD28)/Y28 -> #DIV/0! | AH28: =Y28-Y27 -> 0 | AI28: =Z28-Z27 -> 0 | AJ28: =AA28-AA27 -> 0 | AK28: =AB28-AB27 -> 0 | AL28: =AC28-AC27 -> 0 | AM28: =AD28-AD27 -> 0 | AN28: =AG28-AG27 -> #DIV/0!
AE29: =X28 -> 0 | AF29: =DATE(MID(X29,1,3)+1911,MID(X29,4,2),MID(X29,6,2)) -> #VALUE! | AG29: =1-(Y29-AD29)/Y29 -> #DIV/0! | AH29: =Y29-Y28 -> 0 | AI29: =Z29-Z28 -> 0 | AJ29: =AA29-AA28 -> 0 | AK29: =AB29-AB28 -> 0 | AL29: =AC29-AC28 -> 0 | AM29: =AD29-AD28 -> 0 | AN29: =AG29-AG28 -> #DIV/0!
AE30: =X29 -> 0 | AF30: =DATE(MID(X30,1,3)+1911,MID(X30,4,2),MID(X30,6,2)) -> #VALUE! | AG30: =1-(Y30-AD30)/Y30 -> #DIV/0! | AH30: =Y30-Y29 -> 0 | AI30: =Z30-Z29 -> 0 | AJ30: =AA30-AA29 -> 0 | AK30: =AB30-AB29 -> 0 | AL30: =AC30-AC29 -> 0 | AM30: =AD30-AD29 -> 0 | AN30: =AG30-AG29 -> #DIV/0!
... AE55: =X54 -> 0 | AF55: =DATE(MID(X55,1,3)+1911,MID(X55,4,2),MID(X55,6,2)) -> #VALUE! | AG55: =1-(Y55-AD55)/Y55 -> #DIV/0! | AH55: =Y55-Y54 -> 0 | AI55: =Z55-Z54 -> 0 | AJ55: =AA55-AA54 -> 0 | AK55: =AB55-AB54 -> 0 | AL55: =AC55-AC54 -> 0 | AM55: =AD55-AD54 -> 0 | AN55: =AG55-AG54 -> #DIV/0!

Sheet 劉侑芸
A1: 量測日期 | B1: 上次量測 | C1: 姓名 | D1: 性別 | E1: 體重 | H1: 體脂率 | K1: 脂肪重 | N1: 去脂肪重 | Q1: 肌肉重 | T1: 總水份 | X1: 日期 | Y1: 體重(kg) | Z1: 體脂率(%) | AA1: 脂肪重(kg) | AB1: 去脂重(kg) | AC1: 肌肉量 | AD1: 身體總水份kg | AE1: 上次量測 | AF1: 星期 | AG1: 身體總水份% | AH1: 體重變化 | AI1: 體脂率變化 | AJ1: 脂肪重變化 | AK1: 去脂重變化 | AL1: 肌肉量變化 | AM1: 水分變化KG | AN1: 水分變化%
A2: "選取" | E2: 體重 | F2: 變化 | G2: 區間 | H2: 體脂率 | I2: 變化 | J2: 區間 | K2: 脂肪重 | L2: 變化 | M2: 區間 | N2: 去脂重 | O2: 變化 | P2: 區間 | Q2: 肌肉重 | R2: 變化 | S2: 區間 | T2: 總水份 | U2: 變化 | V2: 變化% | W2: 區間 | X2: {=_xlfn._xlws.SORT(_xlfn._xlws.FILTER(資料輸入!F:L, ISNUMBER(MATCH(資料輸入!E:E, 劉侑芸!C3, 0))), 1, TRUE)} -> 1140204 | Y2: 50.4 | Z2: 14.8 | AA2: 7.5 | AB2: 42.9 | AC2: 40.3 | AD2: 27.2 | AF2: =DATE(MID(X2,1,3)+1911,MID(X2,4,2),MID(X2,6,2)) -> 45692 | AG2: =1-(Y2-AD2)/Y2 -> 0.53968254
A3: =MAX(X:X) -> 1140307 | B3: =K6&J7 -> 4周前 | C3: 劉侑芸 | D3: 女 | E3: =LOOKUP($A$3,日期,體重_kg) -> 50.8 | F3: =LOOKUP($A$3,日期,體重變化) -> 0.4 | G3: =IF(E3<C8,"Q1",IF(E3<C9,"Q2",IF(E3<C10,"Q3",IF(E3<3000,"Q4")))) -> Q4 | H3: =LOOKUP($A$3,日期,體脂率) -> 11.7 | I3: =LOOKUP($A$3,日期,體脂率變化) -> -3.1 | J3: =IF(H3<D8,"Q1",IF(H3<D9,"Q2",IF(H3<D10,"Q3",IF(H3<3000,"Q4")))) -> Q1 | K3: =LOOKUP($A$3,日期,脂肪重_kg) -> 5.9 | L3: =LOOKUP($A$3,日期,脂肪重變化) -> -1.6 | M3: =IF(K3<E8,"Q1",IF(K3<E9,"Q2",IF(K3<E10,"Q3",IF(K3<3000,"Q4")))) -> Q1 | N3: =LOOKUP($A$3,日期,去脂重_kg) -> 44.9 | O3: =LOOKUP($A$3,日期,去脂重變化) -> 2 | P3: =IF(N3<F8,"Q1",IF(N3<F9,"Q2",IF(N3<F10,"Q3",IF(N3<3000,"Q4")))) -> Q4 | Q3: =LOOKUP($A$3,日期,肌肉量) -> 42.1 | R3: =LOOKUP($A$3,日期,肌肉量變化) -> 1.8 | S3: =IF(Q3<G8,"Q1",IF(Q3<G9,"Q2",IF(Q3<G10,"Q3",IF(Q3<3000,"Q4")))) -> Q4 | T3: =LOOKUP($A$3,日期,身體總水份kg) -> 29 | U3: =LOOKUP($A$3,日期,水分變化KG) -> 1.8 | V3: =LOOKUP($A$3,日期,水分變化) -> 0.031183602 | W3: =IF(T3<H8,"Q1",IF(T3<H9,"Q2",IF(T3<H10,"Q3",IF(T3<3000,"Q4")))) -> Q4 | X3: 1140307 | Y3: 50.8 | Z3: 11.7 | AA3: 5.9 | AB3: 44.9 | AC3: 42.1 | AD3: 29 | AE3: =X2 -> 1140204 | AF3: =DATE(MID(X3,1,3)+1911,MID(X3,4,2),MID(X3,6,2)) -> 45723 | AG3: =1-(Y3-AD3)/Y3 -> 0.57086614 | AH3: =Y3-Y2 -> 0.4 | AI3: =Z3-Z2 -> -3.1 | AJ3: =AA3-AA2 -> -1.6 | AK3: =AB3-AB2 -> 2 | AL3: =AC3-AC2 -> 1.8 | AM3: =AD3-AD2 -> 1.8 | AN3: =AG3-AG2 -> 0.031183602
A4: =DATE(MID(A3,1,3)+1911,MID(A3,4,2),MID(A3,6,2)) -> 45723 | B4: =DATE(MID(B17,1,3)+1911,MID(B17,4,2),MID(B17,6,2)) -> 45692 | AE4: =X3 -> 1140307 | AF4: =DATE(MID(X4,1,3)+1911,MID(X4,4,2),MID(X4,6,2)) -> #VALUE! | AG4: =1-(Y4-AD4)/Y4 -> #DIV/0! | AH4: =Y4-Y3 -> -50.8 | AI4: =Z4-Z3 -> -11.7 | AJ4: =AA4-AA3 -> -5.9 | AK4: =AB4-AB3 -> -44.9 | AL4: =AC4-AC3 -> -42.1 | AM4: =AD4-AD3 -> -29 | AN4: =AG4-AG3 -> #DIV/0!
C5: 體重 | D5: 體脂率 | E5: 脂肪重 | F5: 去脂重 | G5: 肌肉重 | H5: 總水份 | AE5: =X4 -> 0 | AF5: =DATE(MID(X5,1,3)+1911,MID(X5,4,2),MID(X5,6,2)) -> #VALUE! | AG5: =1-(Y5-AD5)/Y5 -> #DIV/0! | AH5: =Y5-Y4 -> 0 | AI5: =Z5-Z4 -> 0 | AJ5: =AA5-AA4 -> 0 | AK5: =AB5-AB4 -> 0 | AL5: =AC5-AC4 -> 0 | AM5: =AD5-AD4 -> 0 | AN5: =AG5-AG4 -> #DIV/0!
B6: Q1 | C6: =_xlfn.QUARTILE.INC(Y:Y,1) -> 50.5 | D6: =_xlfn.QUARTILE.INC(Z:Z,1) -> 12.475 | E6: =_xlfn.QUARTILE.INC(AA:AA,1) -> 6.3 | F6: =_xlfn.QUARTILE.INC(AB:AB,1) -> 43.4 | G6: =_xlfn.QUARTILE.INC(AC:AC,1) -> 40.75 | H6: =_xlfn.QUARTILE.INC(AD:AD,1) -> 27.65 | J6: =A4-B4 -> 31 | K6: =ROUND(K7,0) -> 4 | AE6: =X5 -> 0 | AF6: =DATE(MID(X6,1,3)+1911,MID(X6,4,2),MID(X6,6,2)) -> #VALUE! | AG6: =1-(Y6-AD6)/Y6 -> #DIV/0! | AH6: =Y6-Y5 -> 0 | AI6: =Z6-Z5 -> 0 | AJ6: =AA6-AA5 -> 0 | AK6: =AB6-AB5 -> 0 | AL6: =AC6-AC5 -> 0 | AM6: =AD6-AD5 -> 0 | AN6: =AG6-AG5 -> #DIV/0!
B7: =C3 -> 劉侑芸 | C7: =E3 -> 50.8 | D7: =H3 -> 11.7 | E7: =K3 -> 5.9 | F7: =N3 -> 44.9 | G7: =Q3 -> 42.1 | H7: =T3 -> 29 | J7: 周前 | K7: =J6/7 -> 4.4285714 | AE7: =X6 -> 0 | AF7: =DATE(MID(X7,1,3)+1911,MID(X7,4,2),MID(X7,6,2)) -> #VALUE! | AG7: =1-(Y7-AD7)/Y7 -> #DIV/0! | AH7: =Y7-Y6 -> 0 | AI7: =Z7-Z6 -> 0 | AJ7: =AA7-AA6 -> 0 | AK7: =AB7-AB6 -> 0 | AL7: =AC7-AC6 -> 0 | AM7: =AD7-AD6 -> 0 | AN7: =AG7-AG6 -> #DIV/0!
A8: 低 | B8: Q2 | C8: =_xlfn.QUARTILE.INC(Y:Y,2) -> 50.6 | D8: =_xlfn.QUARTILE.INC(Z:Z,2) -> 13.25 | E8: =_xlfn.QUARTILE.INC(AA:AA,2) -> 6.7 | F8: =_xlfn.QUARTILE.INC(AB:AB,2) -> 43.9 | G8: =_xlfn.QUARTILE.INC(AC:AC,2) -> 41.2 | H8: =_xlfn.QUARTILE.INC(AD:AD,2) -> 28.1 | AE8: =X7 -> 0 | AF8: =DATE(MID(X8,1,3)+1911,MID(X8,4,2),MID(X8,6,2)) -> #VALUE! | AG8: =1-(Y8-AD8)/Y8 -> #DIV/0! | AH8: =Y8-Y7 -> 0 | AI8: =Z8-Z7 -> 0 | AJ8: =AA8-AA7 -> 0 | AK8: =AB8-AB7 -> 0 | AL8: =AC8-AC7 -> 0 | AM8: =AD8-AD7 -> 0 | AN8: =AG8-AG7 -> #DIV/0!
A9: 中等 | B9: Q3 | C9: =_xlfn.QUARTILE.INC(Y:Y,3) -> 50.7 | D9: =_xlfn.QUARTILE.INC(Z:Z,3) -> 14.025 | E9: =_xlfn.QUARTILE.INC(AA:AA,3) -> 7.1 | F9: =_xlfn.QUARTILE.INC(AB:AB,3) -> 44.4 | G9: =_xlfn.QUARTILE.INC(AC:AC,3) -> 41.65 | H9: =_xlfn.QUARTILE.INC(AD:AD,3) -> 28.55 | AE9: =X8 -> 0 | AF9: =DATE(MID(X9,1,3)+1911,MID(X9,4,2),MID(X9,6,2)) -> #VALUE! | AG9: =1-(Y9-AD9)/Y9 -> #DIV/0! | AH9: =Y9-Y8 -> 0 | AI9: =Z9-Z8 -> 0 | AJ9: =AA9-AA8 -> 0 | AK9: =AB9-AB8 -> 0 | AL9: =AC9-AC8 -> 0 | AM9: =AD9-AD8 -> 0 | AN9: =AG9-AG8 -> #DIV/0!
A10: 高 | B10: Q4 | C10: =_xlfn.QUARTILE.INC(Y:Y,4) -> 50.8 | D10: =_xlfn.QUARTILE.INC(Z:Z,4) -> 14.8 | E10: =_xlfn.QUARTILE.INC(AA:AA,4) -> 7.5 | F10: =_xlfn.QUARTILE.INC(AB:AB,4) -> 44.9 | G10: =_xlfn.QUARTILE.INC(AC:AC,4) -> 42.1 | H10: =_xlfn.QUARTILE.INC(AD:AD,4) -> 29 | AE10: =X9 -> 0 | AF10: =DATE(MID(X10,1,3)+1911,MID(X10,4,2),MID(X10,6,2)) -> #VALUE! | AG10: =1-(Y10-AD10)/Y10 -> #DIV/0! | AH10: =Y10-Y9 -> 0 | AI10: =Z10-Z9 -> 0 | AJ10: =AA10-AA9 -> 0 | AK10: =AB10-AB9 -> 0 | AL10: =AC10-AC9 -> 0 | AM10: =AD10-AD9 -> 0 | AN10: =AG10-AG9 -> #DIV/0!
AE11: =X10 -> 0 | AF11: =DATE(MID(X11,1,3)+1911,MID(X11,4,2),MID(X11,6,2)) -> #VALUE! | AG11: =1-(Y11-AD11)/Y11 -> #DIV/0! | AH11: =Y11-Y10 -> 0 | AI11: =Z11-Z10 -> 0 | AJ11: =AA11-AA10 -> 0 | AK11: =AB11-AB10 -> 0 | AL11: =AC11-AC10 -> 0 | AM11: =AD11-AD10 -> 0 | AN11: =AG11-AG10 -> #DIV/0!
C12: 體重 | D12: 體脂率 | E12: 脂肪重 | F12: 去脂重 | G12: 肌肉重 | H12: 水份kg | I12: 水份% | AE12: =X11 -> 0 | AF12: =DATE(MID(X12,1,3)+1911,MID(X12,4,2),MID(X12,6,2)) -> #VALUE! | AG12: =1-(Y12-AD12)/Y12 -> #DIV/0! | AH12: =Y12-Y11 -> 0 | AI12: =Z12-Z11 -> 0 | AJ12: =AA12-AA11 -> 0 | AK12: =AB12-AB11 -> 0 | AL12: =AC12-AC11 -> 0 | AM12: =AD12-AD11 -> 0 | AN12: =AG12-AG11 -> #DIV/0!
B13: =LOOKUP(B14,日期,上次量測) -> #N/A | C13: =LOOKUP(B13,日期,體重_kg) -> #N/A | D13: =LOOKUP(B13,日期,體脂率) -> #N/A | E13: =LOOKUP(B13,日期,脂肪重_kg) -> #N/A | F13: =LOOKUP(B13,日期,去脂重_kg) -> #N/A | G13: =LOOKUP(B13,日期,肌肉量) -> #N/A | H13: =LOOKUP(B13,日期,身體總水份kg) -> #N/A | I13: =LOOKUP(B13,日期,身體總水份) -> #N/A | AE13: =X12 -> 0 | AF13: =DATE(MID(X13,1,3)+1911,MID(X13,4,2),MID(X13,6,2)) -> #VALUE! | AG13: =1-(Y13-AD13)/Y13 -> #DIV/0! | AH13: =Y13-Y12 -> 0 | AI13: =Z13-Z12 -> 0 | AJ13: =AA13-AA12 -> 0 | AK13: =AB13-AB12 -> 0 | AL13: =AC13-AC12 -> 0 | AM13: =AD13-AD12 -> 0 | AN13: =AG13-AG12 -> #DIV/0!
B14: =LOOKUP(B15,日期,上次量測) -> #N/A | C14: =LOOKUP(B14,日期,體重_kg) -> #N/A | D14: =LOOKUP(B14,日期,體脂率) -> #N/A | E14: =LOOKUP(B14,日期,脂肪重_kg) -> #N/A | F14: =LOOKUP(B14,日期,去脂重_kg) -> #N/A | G14: =LOOKUP(B14,日期,肌肉量) -> #N/A | H14: =LOOKUP(B14,日期,身體總水份kg) -> #N/A | I14: =LOOKUP(B14,日期,身體總水份) -> #N/A | AE14: =X13 -> 0 | AF14: =DATE(MID(X14,1,3)+1911,MID(X14,4,2),MID(X14,6,2)) -> #VALUE! | AG14: =1-(Y14-AD14)/Y14 -> #DIV/0! | AH14: =Y14-Y13 -> 0 | AI14: =Z14-Z13 -> 0 | AJ14: =AA14-AA13 -> 0 | AK14: =AB14-AB13 -> 0 | AL14: =AC14-AC13 -> 0 | AM14: =AD14-AD13 -> 0 | AN14: =AG14-AG13 -> #DIV/0!
B15: =LOOKUP(B16,日期,上次量測) -> #N/A | C15: =LOOKUP(B15,日期,體重_kg) -> #N/A | D15: =LOOKUP(B15,日期,體脂率) -> #N/A | E15: =LOOKUP(B15,日期,脂肪重_kg) -> #N/A | F15: =LOOKUP(B15,日期,去脂重_kg) -> #N/A | G15: =LOOKUP(B15,日期,肌肉量) -> #N/A | H15: =LOOKUP(B15,日期,身體總水份kg) -> #N/A | I15: =LOOKUP(B15,日期,身體總水份) -> #N/A | AE15: =X14 -> 0 | AF15: =DATE(MID(X15,1,3)+1911,MID(X15,4,2),MID(X15,6,2)) -> #VALUE! | AG15: =1-(Y15-AD15)/Y15 -> #DIV/0! | AH15: =Y15-Y14 -> 0 | AI15: =Z15-Z14 -> 0 | AJ15: =AA15-AA14 -> 0 | AK15: =AB15-AB14 -> 0 | AL15: =AC15-AC14 -> 0 | AM15: =AD15-AD14 -> 0 | AN15: =AG15-AG14 -> #DIV/0!
B16: =LOOKUP(B17,日期,上次量測) -> 0 | C16: =LOOKUP(B16,日期,體重_kg) -> #N/A | D16: =LOOKUP(B16,日期,體脂率) -> #N/A | E16: =LOOKUP(B16,日期,脂肪重_kg) -> #N/A | F16: =LOOKUP(B16,日期,去脂重_kg) -> #N/A | G16: =LOOKUP(B16,日期,肌肉量) -> #N/A | H16: =LOOKUP(B16,日期,身體總水份kg) -> #N/A | I16: =LOOKUP(B16,日期,身體總水份) -> #N/A | AE16: =X15 -> 0 | AF16: =DATE(MID(X16,1,3)+1911,MID(X16,4,2),MID(X16,6,2)) -> #VALUE! | AG16: =1-(Y16-AD16)/Y16 -> #DIV/0! | AH16: =Y16-Y15 -> 0 | AI16: =Z16-Z15 -> 0 | AJ16: =AA16-AA15 -> 0 | AK16: =AB16-AB15 -> 0 | AL16: =AC16-AC15 -> 0 | AM16: =AD16-AD15 -> 0 | AN16: =AG16-AG15 -> #DIV/0!
B17: =LOOKUP(B18,日期,上次量測) -> 1140204 | C17: =LOOKUP(B17,日期,體重_kg) -> 50.4 | D17: =LOOKUP(B17,日期,體脂率) -> 14.8 | E17: =LOOKUP(B17,日期,脂肪重_kg) -> 7.5 | F17: =LOOKUP(B17,日期,去脂重_kg) -> 42.9 | G17: =LOOKUP(B17,日期,肌肉量) -> 40.3 | H17: =LOOKUP(B17,日期,身體總水份kg) -> 27.2 | I17: =LOOKUP(B17,日期,身體總水份) -> 0.53968254 | AE17: =X16 -> 0 | AF17: =DATE(MID(X17,1,3)+1911,MID(X17,4,2),MID(X17,6,2)) -> #VALUE! | AG17: =1-(Y17-AD17)/Y17 -> #DIV/0! | AH17: =Y17-Y16 -> 0 | AI17: =Z17-Z16 -> 0 | AJ17: =AA17-AA16 -> 0 | AK17: =AB17-AB16 -> 0 | AL17: =AC17-AC16 -> 0 | AM17: =AD17-AD16 -> 0 | AN17: =AG17-AG16 -> #DIV/0!
B18: =A3 -> 1140307 | C18: =LOOKUP(B18,日期,體重_kg) -> 50.8 | D18: =LOOKUP(B18,日期,體脂率) -> 11.7 | E18: =LOOKUP(B18,日期,脂肪重_kg) -> 5.9 | F18: =LOOKUP(B18,日期,去脂重_kg) -> 44.9 | G18: =LOOKUP(B18,日期,肌肉量) -> 42.1 | H18: =LOOKUP(B18,日期,身體總水份kg) -> 29 | I18: =LOOKUP(B18,日期,身體總水份) -> 0.57086614 | AE18: =X17 -> 0 | AF18: =DATE(MID(X18,1,3)+1911,MID(X18,4,2),MID(X18,6,2)) -> #VALUE! | AG18: =1-(Y18-AD18)/Y18 -> #DIV/0! | AH18: =Y18-Y17 -> 0 | AI18: =Z18-Z17 -> 0 | AJ18: =AA18-AA17 -> 0 | AK18: =AB18-AB17 -> 0 | AL18: =AC18-AC17 -> 0 | AM18: =AD18-AD17 -> 0 | AN18: =AG18-AG17 -> #DIV/0!
AE19: =X18 -> 0 | AF19: =DATE(MID(X19,1,3)+1911,MID(X19,4,2),MID(X19,6,2)) -> #VALUE! | AG19: =1-(Y19-AD19)/Y19 -> #DIV/0! | AH19: =Y19-Y18 -> 0 | AI19: =Z19-Z18 -> 0 | AJ19: =AA19-AA18 -> 0 | AK19: =AB19-AB18 -> 0 | AL19: =AC19-AC18 -> 0 | AM19: =AD19-AD18 -> 0 | AN19: =AG19-AG18 -> #DIV/0!
AE20: =X19 -> 0 | AF20: =DATE(MID(X20,1,3)+1911,MID(X20,4,2),MID(X20,6,2)) -> #VALUE! | AG20: =1-(Y20-AD20)/Y20 -> #DIV/0! | AH20: =Y20-Y19 -> 0 | AI20: =Z20-Z19 -> 0 | AJ20: =AA20-AA19 -> 0 | AK20: =AB20-AB19 -> 0 | AL20: =AC20-AC19 -> 0 | AM20: =AD20-AD19 -> 0 | AN20: =AG20-AG19 -> #DIV/0!
AE21: =X20 -> 0 | AF21: =DATE(MID(X21,1,3)+1911,MID(X21,4,2),MID(X21,6,2)) -> #VALUE! | AG21: =1-(Y21-AD21)/Y21 -> #DIV/0! | AH21: =Y21-Y20 -> 0 | AI21: =Z21-Z20 -> 0 | AJ21: =AA21-AA20 -> 0 | AK21: =AB21-AB20 -> 0 | AL21: =AC21-AC20 -> 0 | AM21: =AD21-AD20 -> 0 | AN21: =AG21-AG20 -> #DIV/0!
AE22: =X21 -> 0 | AF22: =DATE(MID(X22,1,3)+1911,MID(X22,4,2),MID(X22,6,2)) -> #VALUE! | AG22: =1-(Y22-AD22)/Y22 -> #DIV/0! | AH22: =Y22-Y21 -> 0 | AI22: =Z22-Z21 -> 0 | AJ22: =AA22-AA21 -> 0 | AK22: =AB22-AB21 -> 0 | AL22: =AC22-AC21 -> 0 | AM22: =AD22-AD21 -> 0 | AN22: =AG22-AG21 -> #DIV/0!
AE23: =X22 -> 0 | AF23: =DATE(MID(X23,1,3)+1911,MID(X23,4,2),MID(X23,6,2)) -> #VALUE! | AG23: =1-(Y23-AD23)/Y23 -> #DIV/0! | AH23: =Y23-Y22 -> 0 | AI23: =Z23-Z22 -> 0 | AJ23: =AA23-AA22 -> 0 | AK23: =AB23-AB22 -> 0 | AL23: =AC23-AC22 -> 0 | AM23: =AD23-AD22 -> 0 | AN23: =AG23-AG22 -> #DIV/0!
AE24: =X23 -> 0 | AF24: =DATE(MID(X24,1,3)+1911,MID(X24,4,2),MID(X24,6,2)) -> #VALUE! | AG24: =1-(Y24-AD24)/Y24 -> #DIV/0! | AH24: =Y24-Y23 -> 0 | AI24: =Z24-Z23 -> 0 | AJ24: =AA24-AA23 -> 0 | AK24: =AB24-AB23 -> 0 | AL24: =AC24-AC23 -> 0 | AM24: =AD24-AD23 -> 0 | AN24: =AG24-AG23 -> #DIV/0!
AE25: =X24 -> 0 | AF25: =DATE(MID(X25,1,3)+1911,MID(X25,4,2),MID(X25,6,2)) -> #VALUE! | AG25: =1-(Y25-AD25)/Y25 -> #DIV/0! | AH25: =Y25-Y24 -> 0 | AI25: =Z25-Z24 -> 0 | AJ25: =AA25-AA24 -> 0 | AK25: =AB25-AB24 -> 0 | AL25: =AC25-AC24 -> 0 | AM25: =AD25-AD24 -> 0 | AN25: =AG25-AG24 -> #DIV/0!
AE26: =X25 -> 0 | AF26: =DATE(MID(X26,1,3)+1911,MID(X26,4,2),MID(X26,6,2)) -> #VALUE! | AG26: =1-(Y26-AD26)/Y26 -> #DIV/0! | AH26: =Y26-Y25 -> 0 | AI26: =Z26-Z25 -> 0 | AJ26: =AA26-AA25 -> 0 | AK26: =AB26-AB25 -> 0 | AL26: =AC26-AC25 -> 0 | AM26: =AD26-AD25 -> 0 | AN26: =AG26-AG25 -> #DIV/0!
AE27: =X26 -> 0 | AF27: =DATE(MID(X27,1,3)+1911,MID(X27,4,2),MID(X27,6,2)) -> #VALUE! | AG27: =1-(Y27-AD27)/Y27 -> #DIV/0! | AH27: =Y27-Y26 -> 0 | AI27: =Z27-Z26 -> 0 | AJ27: =AA27-AA26 -> 0 | AK27: =AB27-AB26 -> 0 | AL27: =AC27-AC26 -> 0 | AM27: =AD27-AD26 -> 0 | AN27: =AG27-AG26 -> #DIV/0!
AE28: =X27 -> 0 | AF28: =DATE(MID(X28,1,3)+1911,MID(X28,4,2),MID(X28,6,2)) -> #VALUE! | AG28: =1-(Y28-AD28)/Y28 -> #DIV/0! | AH28: =Y28-Y27 -> 0 | AI28: =Z28-Z27 -> 0 | AJ28: =AA28-AA27 -> 0 | AK28: =AB28-AB27 -> 0 | AL28: =AC28-AC27 -> 0 | AM28: =AD28-AD27 -> 0 | AN28: =AG28-AG27 -> #DIV/0!
AE29: =X28 -> 0 | AF29: =DATE(MID(X29,1,3)+1911,MID(X29,4,2),MID(X29,6,2)) -> #VALUE! | AG29: =1-(Y29-AD29)/Y29 -> #DIV/0! | AH29: =Y29-Y28 -> 0 | AI29: =Z29-Z28 -> 0 | AJ29: =AA29-AA28 -> 0 | AK29: =AB29-AB28 -> 0 | AL29: =AC29-AC28 -> 0 | AM29: =AD29-AD28 -> 0 | AN29: =AG29-AG28 -> #DIV/0!
AE30: =X29 -> 0 | AF30: =DATE(MID(X30,1,3)+1911,MID(X30,4,2),MID(X30,6,2)) -> #VALUE! | AG30: =1-(Y30-AD30)/Y30 -> #DIV/0! | AH30: =Y30-Y29 -> 0 | AI30: =Z30-Z29 -> 0 | AJ30: =AA30-AA29 -> 0 | AK30: =AB30-AB29 -> 0 | AL30: =AC30-AC29 -> 0 | AM30: =AD30-AD29 -> 0 | AN30: =AG30-AG29 -> #DIV/0!
... AE55: =X54 -> 0 | AF55: =DATE(MID(X55,1,3)+1911,MID(X55,4,2),MID(X55,6,2)) -> #VALUE! | AG55: =1-(Y55-AD55)/Y55 -> #DIV/0! | AH55: =Y55-Y54 -> 0 | AI55: =Z55-Z54 -> 0 | AJ55: =AA55-AA54 -> 0 | AK55: =AB55-AB54 -> 0 | AL55: =AC55-AC54 -> 0 | AM55: =AD55-AD54 -> 0 | AN55: =AG55-AG54 -> #DIV/0!

Sheet 江宜珊
A1: 量測日期 | B1: 上次量測 | C1: 姓名 | D1: 性別 | E1: 體重 | H1: 體脂率 | K1: 脂肪重 | N1: 去脂肪重 | Q1: 肌肉重 | T1: 總水份 | X1: 日期 | Y1: 體重(kg) | Z1: 體脂率(%) | AA1: 脂肪重(kg) | AB1: 去脂重(kg) | AC1: 肌肉量 | AD1: 身體總水份kg | AE1: 上次量測 | AF1: 星期 | AG1: 身體總水份% | AH1: 體重變化 | AI1: 體脂率變化 | AJ1: 脂肪重變化 | AK1: 去脂重變化 | AL1: 肌肉量變化 | AM1: 水分變化KG | AN1: 水分變化%
A2: "選取" | E2: 體重 | F2: 變化 | G2: 區間 | H2: 體脂率 | I2: 變化 | J2: 區間 | K2: 脂肪重 | L2: 變化 | M2: 區間 | N2: 去脂重 | O2: 變化 | P2: 區間 | Q2: 肌肉重 | R2: 變化 | S2: 區間 | T2: 總水份 | U2: 變化 | V2: 變化% | W2: 區間 | X2: {=_xlfn._xlws.SORT(_xlfn._xlws.FILTER(資料輸入!F:L, ISNUMBER(MATCH(資料輸入!E:E, 江宜珊!C3, 0))), 1, TRUE)} -> 1130904 | Y2: 53.2 | Z2: 22.9 | AA2: 12.2 | AB2: 41 | AC2: 38.6 | AD2: 30 | AF2: =DATE(MID(X2,1,3)+1911,MID(X2,4,2),MID(X2,6,2)) -> 45539 | AG2: =1-(Y2-AD2)/Y2 -> 0.56390977
A3: =MAX(X:X) -> 1140307 | B3: =K6&J7 -> 4周前 | C3: 江宜珊 | D3: 女 | E3: =LOOKUP($A$3,日期,體重_kg) -> 55.7 | F3: =LOOKUP($A$3,日期,體重變化) -> 0.2 | G3: =IF(E3<C8,"Q1",IF(E3<C9,"Q2",IF(E3<C10,"Q3",IF(E3<3000,"Q4")))) -> Q4 | H3: =LOOKUP($A$3,日期,體脂率) -> 25.6 | I3: =LOOKUP($A$3,日期,體脂率變化) -> -1.4 | J3: =IF(H3<D8,"Q1",IF(H3<D9,"Q2",IF(H3<D10,"Q3",IF(H3<3000,"Q4")))) -> Q2 | K3: =LOOKUP($A$3,日期,脂肪重_kg) -> 14.3 | L3: =LOOKUP($A$3,日期,脂肪重變化) -> -0.7 | M3: =IF(K3<E8,"Q1",IF(K3<E9,"Q2",IF(K3<E10,"Q3",IF(K3<3000,"Q4")))) -> Q2 | N3: =LOOKUP($A$3,日期,去脂重_kg) -> 41.4 | O3: =LOOKUP($A$3,日期,去脂重變化) -> 0.9 | P3: =IF(N3<F8,"Q1",IF(N3<F9,"Q2",IF(N3<F10,"Q3",IF(N3<3000,"Q4")))) -> Q4 | Q3: =LOOKUP($A$3,日期,肌肉量) -> 38.9 | R3: =LOOKUP($A$3,日期,肌肉量變化) -> 0.8 | S3: =IF(Q3<G8,"Q1",IF(Q3<G9,"Q2",IF(Q3<G10,"Q3",IF(Q3<3000,"Q4")))) -> Q4 | T3: =LOOKUP($A$3,日期,身體總水份kg) -> 30.3 | U3: =LOOKUP($A$3,日期,水分變化KG) -> 0.7 | V3: =LOOKUP($A$3,日期,水分變化) -> 0.010652304 | W3: =IF(T3<H8,"Q1",IF(T3<H9,"Q2",IF(T3<H10,"Q3",IF(T3<3000,"Q4")))) -> Q4 | X3: 1131022 | Y3: 53.2 | Z3: 24.7 | AA3: 13.1 | AB3: 40.1 | AC3: 37.8 | AD3: 29.4 | AE3: =X2 -> 1130904 | AF3: =DATE(MID(X3,1,3)+1911,MID(X3,4,2),MID(X3,6,2)) -> 45587 | AG3: =1-(Y3-AD3)/Y3 -> 0.55263158 | AH3: =Y3-Y2 -> 0 | AI3: =Z3-Z2 -> 1.8 | AJ3: =AA3-AA2 -> 0.9 | AK3: =AB3-AB2 -> -0.9 | AL3: =AC3-AC2 -> -0.8 | AM3: =AD3-AD2 -> -0.6 | AN3: =AG3-AG2 -> -0.011278195
A4: =DATE(MID(A3,1,3)+1911,MID(A3,4,2),MID(A3,6,2)) -> 45723 | B4: =DATE(MID(B17,1,3)+1911,MID(B17,4,2),MID(B17,6,2)) -> 45692 | X4: 1131219 | Y4: 54.1 | Z4: 24.2 | AA4: 13.1 | AB4: 41 | AC4: 38.6 | AD4: 30 | AE4: =X3 -> 1131022 | AF4: =DATE(MID(X4,1,3)+1911,MID(X4,4,2),MID(X4,6,2)) -> 45645 | AG4: =1-(Y4-AD4)/Y4 -> 0.55452865 | AH4: =Y4-Y3 -> 0.9 | AI4: =Z4-Z3 -> -0.5 | AJ4: =AA4-AA3 -> 0 | AK4: =AB4-AB3 -> 0.9 | AL4: =AC4-AC3 -> 0.8 | AM4: =AD4-AD3 -> 0.6 | AN4: =AG4-AG3 -> 0.0018970717
C5: 體重 | D5: 體脂率 | E5: 脂肪重 | F5: 去脂重 | G5: 肌肉重 | H5: 總水份 | X5: 1131226 | Y5: 54.7 | Z5: 26.8 | AA5: 14.7 | AB5: 40 | AC5: 37.7 | AD5: 29.3 | AE5: =X4 -> 1131219 | AF5: =DATE(MID(X5,1,3)+1911,MID(X5,4,2),MID(X5,6,2)) -> 45652 | AG5: =1-(Y5-AD5)/Y5 -> 0.53564899 | AH5: =Y5-Y4 -> 0.6 | AI5: =Z5-Z4 -> 2.6 | AJ5: =AA5-AA4 -> 1.6 | AK5: =AB5-AB4 -> -1 | AL5: =AC5-AC4 -> -0.9 | AM5: =AD5-AD4 -> -0.7 | AN5: =AG5-AG4 -> -0.018879656
B6: Q1 | C6: =_xlfn.QUARTILE.INC(Y:Y,1) -> 53.425 | D6: =_xlfn.QUARTILE.INC(Z:Z,1) -> 24.325 | E6: =_xlfn.QUARTILE.INC(AA:AA,1) -> 13.1 | F6: =_xlfn.QUARTILE.INC(AB:AB,1) -> 40.2 | G6: =_xlfn.QUARTILE.INC(AC:AC,1) -> 37.875 | H6: =_xlfn.QUARTILE.INC(AD:AD,1) -> 29.45 | J6: =A4-B4 -> 31 | K6: =ROUND(K7,0) -> 4 | X6: 1140204 | Y6: 55.5 | Z6: 27 | AA6: 15 | AB6: 40.5 | AC6: 38.1 | AD6: 29.6 | AE6: =X5 -> 1131226 | AF6: =DATE(MID(X6,1,3)+1911,MID(X6,4,2),MID(X6,6,2)) -> 45692 | AG6: =1-(Y6-AD6)/Y6 -> 0.53333333 | AH6: =Y6-Y5 -> 0.8 | AI6: =Z6-Z5 -> 0.2 | AJ6: =AA6-AA5 -> 0.3 | AK6: =AB6-AB5 -> 0.5 | AL6: =AC6-AC5 -> 0.4 | AM6: =AD6-AD5 -> 0.3 | AN6: =AG6-AG5 -> -0.0023156612
B7: =C3 -> 江宜珊 | C7: =E3 -> 55.7 | D7: =H3 -> 25.6 | E7: =K3 -> 14.3 | F7: =N3 -> 41.4 | G7: =Q3 -> 38.9 | H7: =T3 -> 30.3 | J7: 周前 | K7: =J6/7 -> 4.4285714 | X7: 1140307 | Y7: 55.7 | Z7: 25.6 | AA7: 14.3 | AB7: 41.4 | AC7: 38.9 | AD7: 30.3 | AE7: =X6 -> 1140204 | AF7: =DATE(MID(X7,1,3)+1911,MID(X7,4,2),MID(X7,6,2)) -> 45723 | AG7: =1-(Y7-AD7)/Y7 -> 0.54398564 | AH7: =Y7-Y6 -> 0.2 | AI7: =Z7-Z6 -> -1.4 | AJ7: =AA7-AA6 -> -0.7 | AK7: =AB7-AB6 -> 0.9 | AL7: =AC7-AC6 -> 0.8 | AM7: =AD7-AD6 -> 0.7 | AN7: =AG7-AG6 -> 0.010652304
A8: 低 | B8: Q2 | C8: =_xlfn.QUARTILE.INC(Y:Y,2) -> 54.4 | D8: =_xlfn.QUARTILE.INC(Z:Z,2) -> 25.15 | E8: =_xlfn.QUARTILE.INC(AA:AA,2) -> 13.7 | F8: =_xlfn.QUARTILE.INC(AB:AB,2) -> 40.75 | G8: =_xlfn.QUARTILE.INC(AC:AC,2) -> 38.35 | H8: =_xlfn.QUARTILE.INC(AD:AD,2) -> 29.8 | AE8: =X7 -> 1140307 | AF8: =DATE(MID(X8,1,3)+1911,MID(X8,4,2),MID(X8,6,2)) -> #VALUE! | AG8: =1-(Y8-AD8)/Y8 -> #DIV/0! | AH8: =Y8-Y7 -> -55.7 | AI8: =Z8-Z7 -> -25.6 | AJ8: =AA8-AA7 -> -14.3 | AK8: =AB8-AB7 -> -41.4 | AL8: =AC8-AC7 -> -38.9 | AM8: =AD8-AD7 -> -30.3 | AN8: =AG8-AG7 -> #DIV/0!
A9: 中等 | B9: Q3 | C9: =_xlfn.QUARTILE.INC(Y:Y,3) -> 55.3 | D9: =_xlfn.QUARTILE.INC(Z:Z,3) -> 26.5 | E9: =_xlfn.QUARTILE.INC(AA:AA,3) -> 14.6 | F9: =_xlfn.QUARTILE.INC(AB:AB,3) -> 41 | G9: =_xlfn.QUARTILE.INC(AC:AC,3) -> 38.6 | H9: =_xlfn.QUARTILE.INC(AD:AD,3) -> 30 | AE9: =X8 -> 0 | AF9: =DATE(MID(X9,1,3)+1911,MID(X9,4,2),MID(X9,6,2)) -> #VALUE! | AG9: =1-(Y9-AD9)/Y9 -> #DIV/0! | AH9: =Y9-Y8 -> 0 | AI9: =Z9-Z8 -> 0 | AJ9: =AA9-AA8 -> 0 | AK9: =AB9-AB8 -> 0 | AL9: =AC9-AC8 -> 0 | AM9: =AD9-AD8 -> 0 | AN9: =AG9-AG8 -> #DIV/0!
A10: 高 | B10: Q4 | C10: =_xlfn.QUARTILE.INC(Y:Y,4) -> 55.7 | D10: =_xlfn.QUARTILE.INC(Z:Z,4) -> 27 | E10: =_xlfn.QUARTILE.INC(AA:AA,4) -> 15 | F10: =_xlfn.QUARTILE.INC(AB:AB,4) -> 41.4 | G10: =_xlfn.QUARTILE.INC(AC:AC,4) -> 38.9 | H10: =_xlfn.QUARTILE.INC(AD:AD,4) -> 30.3 | AE10: =X9 -> 0 | AF10: =DATE(MID(X10,1,3)+1911,MID(X10,4,2),MID(X10,6,2)) -> #VALUE! | AG10: =1-(Y10-AD10)/Y10 -> #DIV/0! | AH10: =Y10-Y9 -> 0 | AI10: =Z10-Z9 -> 0 | AJ10: =AA10-AA9 -> 0 | AK10: =AB10-AB9 -> 0 | AL10: =AC10-AC9 -> 0 | AM10: =AD10-AD9 -> 0 | AN10: =AG10-AG9 -> #DIV/0!
AE11: =X10 -> 0 | AF11: =DATE(MID(X11,1,3)+1911,MID(X11,4,2),MID(X11,6,2)) -> #VALUE! | AG11: =1-(Y11-AD11)/Y11 -> #DIV/0! | AH11: =Y11-Y10 -> 0 | AI11: =Z11-Z10 -> 0 | AJ11: =AA11-AA10 -> 0 | AK11: =AB11-AB10 -> 0 | AL11: =AC11-AC10 -> 0 | AM11: =AD11-AD10 -> 0 | AN11: =AG11-AG10 -> #DIV/0!
C12: 體重 | D12: 體脂率 | E12: 脂肪重 | F12: 去脂重 | G12: 肌肉重 | H12: 水份kg | I12: 水份% | AE12: =X11 -> 0 | AF12: =DATE(MID(X12,1,3)+1911,MID(X12,4,2),MID(X12,6,2)) -> #VALUE! | AG12: =1-(Y12-AD12)/Y12 -> #DIV/0! | AH12: =Y12-Y11 -> 0 | AI12: =Z12-Z11 -> 0 | AJ12: =AA12-AA11 -> 0 | AK12: =AB12-AB11 -> 0 | AL12: =AC12-AC11 -> 0 | AM12: =AD12-AD11 -> 0 | AN12: =AG12-AG11 -> #DIV/0!
B13: =LOOKUP(B14,日期,上次量測) -> 1130904 | C13: =LOOKUP(B13,日期,體重_kg) -> 53.2 | D13: =LOOKUP(B13,日期,體脂率) -> 22.9 | E13: =LOOKUP(B13,日期,脂肪重_kg) -> 12.2 | F13: =LOOKUP(B13,日期,去脂重_kg) -> 41 | G13: =LOOKUP(B13,日期,肌肉量) -> 38.6 | H13: =LOOKUP(B13,日期,身體總水份kg) -> 30 | I13: =LOOKUP(B13,日期,身體總水份) -> 0.56390977 | AE13: =X12 -> 0 | AF13: =DATE(MID(X13,1,3)+1911,MID(X13,4,2),MID(X13,6,2)) -> #VALUE! | AG13: =1-(Y13-AD13)/Y13 -> #DIV/0! | AH13: =Y13-Y12 -> 0 | AI13: =Z13-Z12 -> 0 | AJ13: =AA13-AA12 -> 0 | AK13: =AB13-AB12 -> 0 | AL13: =AC13-AC12 -> 0 | AM13: =AD13-AD12 -> 0 | AN13: =AG13-AG12 -> #DIV/0!
B14: =LOOKUP(B15,日期,上次量測) -> 1131022 | C14: =LOOKUP(B14,日期,體重_kg) -> 53.2 | D14: =LOOKUP(B14,日期,體脂率) -> 24.7 | E14: =LOOKUP(B14,日期,脂肪重_kg) -> 13.1 | F14: =LOOKUP(B14,日期,去脂重_kg) -> 40.1 | G14: =LOOKUP(B14,日期,肌肉量) -> 37.8 | H14: =LOOKUP(B14,日期,身體總水份kg) -> 29.4 | I14: =LOOKUP(B14,日期,身體總水份) -> 0.55263158 | AE14: =X13 -> 0 | AF14: =DATE(MID(X14,1,3)+1911,MID(X14,4,2),MID(X14,6,2)) -> #VALUE! | AG14: =1-(Y14-AD14)/Y14 -> #DIV/0! | AH14: =Y14-Y13 -> 0 | AI14: =Z14-Z13 -> 0 | AJ14: =AA14-AA13 -> 0 | AK14: =AB14-AB13 -> 0 | AL14: =AC14-AC13 -> 0 | AM14: =AD14-AD13 -> 0 | AN14: =AG14-AG13 -> #DIV/0!
B15: =LOOKUP(B16,日期,上次量測) -> 1131219 | C15: =LOOKUP(B15,日期,體重_kg) -> 54.1 | D15: =LOOKUP(B15,日期,體脂率) -> 24.2 | E15: =LOOKUP(B15,日期,脂肪重_kg) -> 13.1 | F15: =LOOKUP(B15,日期,去脂重_kg) -> 41 | G15: =LOOKUP(B15,日期,肌肉量) -> 38.6 | H15: =LOOKUP(B15,日期,身體總水份kg) -> 30 | I15: =LOOKUP(B15,日期,身體總水份) -> 0.55452865 | AE15: =X14 -> 0 | AF15: =DATE(MID(X15,1,3)+1911,MID(X15,4,2),MID(X15,6,2)) -> #VALUE! | AG15: =1-(Y15-AD15)/Y15 -> #DIV/0! | AH15: =Y15-Y14 -> 0 | AI15: =Z15-Z14 -> 0 | AJ15: =AA15-AA14 -> 0 | AK15: =AB15-AB14 -> 0 | AL15: =AC15-AC14 -> 0 | AM15: =AD15-AD14 -> 0 | AN15: =AG15-AG14 -> #DIV/0!
B16: =LOOKUP(B17,日期,上次量測) -> 1131226 | C16: =LOOKUP(B16,日期,體重_kg) -> 54.7 | D16: =LOOKUP(B16,日期,體脂率) -> 26.8 | E16: =LOOKUP(B16,日期,脂肪重_kg) -> 14.7 | F16: =LOOKUP(B16,日期,去脂重_kg) -> 40 | G16: =LOOKUP(B16,日期,肌肉量) -> 37.7 | H16: =LOOKUP(B16,日期,身體總水份kg) -> 29.3 | I16: =LOOKUP(B16,日期,身體總水份) -> 0.53564899 | AE16: =X15 -> 0 | AF16: =DATE(MID(X16,1,3)+1911,MID(X16,4,2),MID(X16,6,2)) -> #VALUE! | AG16: =1-(Y16-AD16)/Y16 -> #DIV/0! | AH16: =Y16-Y15 -> 0 | AI16: =Z16-Z15 -> 0 | AJ16: =AA16-AA15 -> 0 | AK16: =AB16-AB15 -> 0 | AL16: =AC16-AC15 -> 0 | AM16: =AD16-AD15 -> 0 | AN16: =AG16-AG15 -> #DIV/0!
B17: =LOOKUP(B18,日期,上次量測) -> 1140204 | C17: =LOOKUP(B17,日期,體重_kg) -> 55.5 | D17: =LOOKUP(B17,日期,體脂率) -> 27 | E17: =LOOKUP(B17,日期,脂肪重_kg) -> 15 | F17: =LOOKUP(B17,日期,去脂重_kg) -> 40.5 | G17: =LOOKUP(B17,日期,肌肉量) -> 38.1 | H17: =LOOKUP(B17,日期,身體總水份kg) -> 29.6 | I17: =LOOKUP(B17,日期,身體總水份) -> 0.53333333 | AE17: =X16 -> 0 | AF17: =DATE(MID(X17,1,3)+1911,MID(X17,4,2),MID(X17,6,2)) -> #VALUE! | AG17: =1-(Y17-AD17)/Y17 -> #DIV/0! | AH17: =Y17-Y16 -> 0 | AI17: =Z17-Z16 -> 0 | AJ17: =AA17-AA16 -> 0 | AK17: =AB17-AB16 -> 0 | AL17: =AC17-AC16 -> 0 | AM17: =AD17-AD16 -> 0 | AN17: =AG17-AG16 -> #DIV/0!
B18: =A3 -> 1140307 | C18: =LOOKUP(B18,日期,體重_kg) -> 55.7 | D18: =LOOKUP(B18,日期,體脂率) -> 25.6 | E18: =LOOKUP(B18,日期,脂肪重_kg) -> 14.3 | F18: =LOOKUP(B18,日期,去脂重_kg) -> 41.4 | G18: =LOOKUP(B18,日期,肌肉量) -> 38.9 | H18: =LOOKUP(B18,日期,身體總水份kg) -> 30.3 | I18: =LOOKUP(B18,日期,身體總水份) -> 0.54398564 | AE18: =X17 -> 0 | AF18: =DATE(MID(X18,1,3)+1911,MID(X18,4,2),MID(X18,6,2)) -> #VALUE! | AG18: =1-(Y18-AD18)/Y18 -> #DIV/0! | AH18: =Y18-Y17 -> 0 | AI18: =Z18-Z17 -> 0 | AJ18: =AA18-AA17 -> 0 | AK18: =AB18-AB17 -> 0 | AL18: =AC18-AC17 -> 0 | AM18: =AD18-AD17 -> 0 | AN18: =AG18-AG17 -> #DIV/0!
AE19: =X18 -> 0 | AF19: =DATE(MID(X19,1,3)+1911,MID(X19,4,2),MID(X19,6,2)) -> #VALUE! | AG19: =1-(Y19-AD19)/Y19 -> #DIV/0! | AH19: =Y19-Y18 -> 0 | AI19: =Z19-Z18 -> 0 | AJ19: =AA19-AA18 -> 0 | AK19: =AB19-AB18 -> 0 | AL19: =AC19-AC18 -> 0 | AM19: =AD19-AD18 -> 0 | AN19: =AG19-AG18 -> #DIV/0!
AE20: =X19 -> 0 | AF20: =DATE(MID(X20,1,3)+1911,MID(X20,4,2),MID(X20,6,2)) -> #VALUE! | AG20: =1-(Y20-AD20)/Y20 -> #DIV/0! | AH20: =Y20-Y19 -> 0 | AI20: =Z20-Z19 -> 0 | AJ20: =AA20-AA19 -> 0 | AK20: =AB20-AB19 -> 0 | AL20: =AC20-AC19 -> 0 | AM20: =AD20-AD19 -> 0 | AN20: =AG20-AG19 -> #DIV/0!
AE21: =X20 -> 0 | AF21: =DATE(MID(X21,1,3)+1911,MID(X21,4,2),MID(X21,6,2)) -> #VALUE! | AG21: =1-(Y21-AD21)/Y21 -> #DIV/0! | AH21: =Y21-Y20 -> 0 | AI21: =Z21-Z20 -> 0 | AJ21: =AA21-AA20 -> 0 | AK21: =AB21-AB20 -> 0 | AL21: =AC21-AC20 -> 0 | AM21: =AD21-AD20 -> 0 | AN21: =AG21-AG20 -> #DIV/0!
AE22: =X21 -> 0 | AF22: =DATE(MID(X22,1,3)+1911,MID(X22,4,2),MID(X22,6,2)) -> #VALUE! | AG22: =1-(Y22-AD22)/Y22 -> #DIV/0! | AH22: =Y22-Y21 -> 0 | AI22: =Z22-Z21 -> 0 | AJ22: =AA22-AA21 -> 0 | AK22: =AB22-AB21 -> 0 | AL22: =AC22-AC21 -> 0 | AM22: =AD22-AD21 -> 0 | AN22: =AG22-AG21 -> #DIV/0!
AE23: =X22 -> 0 | AF23: =DATE(MID(X23,1,3)+1911,MID(X23,4,2),MID(X23,6,2)) -> #VALUE! | AG23: =1-(Y23-AD23)/Y23 -> #DIV/0! | AH23: =Y23-Y22 -> 0 | AI23: =Z23-Z22 -> 0 | AJ23: =AA23-AA22 -> 0 | AK23: =AB23-AB22 -> 0 | AL23: =AC23-AC22 -> 0 | AM23: =AD23-AD22 -> 0 | AN23: =AG23-AG22 -> #DIV/0!
AE24: =X23 -> 0 | AF24: =DATE(MID(X24,1,3)+1911,MID(X24,4,2),MID(X24,6,2)) -> #VALUE! | AG24: =1-(Y24-AD24)/Y24 -> #DIV/0! | AH24: =Y24-Y23 -> 0 | AI24: =Z24-Z23 -> 0 | AJ24: =AA24-AA23 -> 0 | AK24: =AB24-AB23 -> 0 | AL24: =AC24-AC23 -> 0 | AM24: =AD24-AD23 -> 0 | AN24: =AG24-AG23 -> #DIV/0!
AE25: =X24 -> 0 | AF25: =DATE(MID(X25,1,3)+1911,MID(X25,4,2),MID(X25,6,2)) -> #VALUE! | AG25: =1-(Y25-AD25)/Y25 -> #DIV/0! | AH25: =Y25-Y24 -> 0 | AI25: =Z25-Z24 -> 0 | AJ25: =AA25-AA24 -> 0 | AK25: =AB25-AB24 -> 0 | AL25: =AC25-AC24 -> 0 | AM25: =AD25-AD24 -> 0 | AN25: =AG25-AG24 -> #DIV/0!
AE26: =X25 -> 0 | AF26: =DATE(MID(X26,1,3)+1911,MID(X26,4,2),MID(X26,6,2)) -> #VALUE! | AG26: =1-(Y26-AD26)/Y26 -> #DIV/0! | AH26: =Y26-Y25 -> 0 | AI26: =Z26-Z25 -> 0 | AJ26: =AA26-AA25 -> 0 | AK26: =AB26-AB25 -> 0 | AL26: =AC26-AC25 -> 0 | AM26: =AD26-AD25 -> 0 | AN26: =AG26-AG25 -> #DIV/0!
AE27: =X26 -> 0 | AF27: =DATE(MID(X27,1,3)+1911,MID(X27,4,2),MID(X27,6,2)) -> #VALUE! | AG27: =1-(Y27-AD27)/Y27 -> #DIV/0! | AH27: =Y27-Y26 -> 0 | AI27: =Z27-Z26 -> 0 | AJ27: =AA27-AA26 -> 0 | AK27: =AB27-AB26 -> 0 | AL27: =AC27-AC26 -> 0 | AM27: =AD27-AD26 -> 0 | AN27: =AG27-AG26 -> #DIV/0!
AE28: =X27 -> 0 | AF28: =DATE(MID(X28,1,3)+1911,MID(X28,4,2),MID(X28,6,2)) -> #VALUE! | AG28: =1-(Y28-AD28)/Y28 -> #DIV/0! | AH28: =Y28-Y27 -> 0 | AI28: =Z28-Z27 -> 0 | AJ28: =AA28-AA27 -> 0 | AK28: =AB28-AB27 -> 0 | AL28: =AC28-AC27 -> 0 | AM28: =AD28-AD27 -> 0 | AN28: =AG28-AG27 -> #DIV/0!
AE29: =X28 -> 0 | AF29: =DATE(MID(X29,1,3)+1911,MID(X29,4,2),MID(X29,6,2)) -> #VALUE! | AG29: =1-(Y29-AD29)/Y29 -> #DIV/0! | AH29: =Y29-Y28 -> 0 | AI29: =Z29-Z28 -> 0 | AJ29: =AA29-AA28 -> 0 | AK29: =AB29-AB28 -> 0 | AL29: =AC29-AC28 -> 0 | AM29: =AD29-AD28 -> 0 | AN29: =AG29-AG28 -> #DIV/0!
AE30: =X29 -> 0 | AF30: =DATE(MID(X30,1,3)+1911,MID(X30,4,2),MID(X30,6,2)) -> #VALUE! | AG30: =1-(Y30-AD30)/Y30 -> #DIV/0! | AH30: =Y30-Y29 -> 0 | AI30: =Z30-Z29 -> 0 | AJ30: =AA30-AA29 -> 0 | AK30: =AB30-AB29 -> 0 | AL30: =AC30-AC29 -> 0 | AM30: =AD30-AD29 -> 0 | AN30: =AG30-AG29 -> #DIV/0!
... AE55: =X54 -> 0 | AF55: =DATE(MID(X55,1,3)+1911,MID(X55,4,2),MID(X55,6,2)) -> #VALUE! | AG55: =1-(Y55-AD55)/Y55 -> #DIV/0! | AH55: =Y55-Y54 -> 0 | AI55: =Z55-Z54 -> 0 | AJ55: =AA55-AA54 -> 0 | AK55: =AB55-AB54 -> 0 | AL55: =AC55-AC54 -> 0 | AM55: =AD55-AD54 -> 0 | AN55: =AG55-AG54 -> #DIV/0!

Sheet 金怡君
A1: 量測日期 | B1: 上次量測 | C1: 姓名 | D1: 性別 | E1: 體重 | H1: 體脂率 | K1: 脂肪重 | N1: 去脂肪重 | Q1: 肌肉重 | T1: 總水份 | X1: 日期 | Y1: 體重(kg) | Z1: 體脂率(%) | AA1: 脂肪重(kg) | AB1: 去脂重(kg) | AC1: 肌肉量 | AD1: 身體總水份kg | AE1: 上次量測 | AF1: 星期 | AG1: 身體總水份% | AH1: 體重變化 | AI1: 體脂率變化 | AJ1: 脂肪重變化 | AK1: 去脂重變化 | AL1: 肌肉量變化 | AM1: 水分變化KG | AN1: 水分變化%
A2: "選取" | E2: 體重 | F2: 變化 | G2: 區間 | H2: 體脂率 | I2: 變化 | J2: 區間 | K2: 脂肪重 | L2: 變化 | M2: 區間 | N2: 去脂重 | O2: 變化 | P2: 區間 | Q2: 肌肉重 | R2: 變化 | S2: 區間 | T2: 總水份 | U2: 變化 | V2: 變化% | W2: 區間 | X2: {=_xlfn._xlws.SORT(_xlfn._xlws.FILTER(資料輸入!F:L, ISNUMBER(MATCH(資料輸入!E:E, 金怡君!C3, 0))), 1, TRUE)} -> 1140204 | Y2: 85.3 | Z2: 43.1 | AA2: 36.8 | AB2: 48.5 | AC2: 45.4 | AD2: 36.6 | AF2: =DATE(MID(X2,1,3)+1911,MID(X2,4,2),MID(X2,6,2)) -> 45692 | AG2: =1-(Y2-AD2)/Y2 -> 0.42907386
A3: =MAX(X:X) -> 1140320 | B3: =K6&J7 -> 2周前 | C3: 金怡君 | D3: 女 | E3: =LOOKUP($A$3,日期,體重_kg) -> 76.8 | F3: =LOOKUP($A$3,日期,體重變化) -> -2.4 | G3: =IF(E3<C8,"Q1",IF(E3<C9,"Q2",IF(E3<C10,"Q3",IF(E3<3000,"Q4")))) -> Q1 | H3: =LOOKUP($A$3,日期,體脂率) -> 37.2 | I3: =LOOKUP($A$3,日期,體脂率變化) -> -0.4 | J3: =IF(H3<D8,"Q1",IF(H3<D9,"Q2",IF(H3<D10,"Q3",IF(H3<3000,"Q4")))) -> Q1 | K3: =LOOKUP($A$3,日期,脂肪重_kg) -> 28.6 | L3: =LOOKUP($A$3,日期,脂肪重變化) -> -1.2 | M3: =IF(K3<E8,"Q1",IF(K3<E9,"Q2",IF(K3<E10,"Q3",IF(K3<3000,"Q4")))) -> Q1 | N3: =LOOKUP($A$3,日期,去脂重_kg) -> 48.2 | O3: =LOOKUP($A$3,日期,去脂重變化) -> -1.2 | P3: =IF(N3<F8,"Q1",IF(N3<F9,"Q2",IF(N3<F10,"Q3",IF(N3<3000,"Q4")))) -> Q1 | Q3: =LOOKUP($A$3,日期,肌肉量) -> 45.2 | R3: =LOOKUP($A$3,日期,肌肉量變化) -> -1 | S3: =IF(Q3<G8,"Q1",IF(Q3<G9,"Q2",IF(Q3<G10,"Q3",IF(Q3<3000,"Q4")))) -> Q1 | T3: =LOOKUP($A$3,日期,身體總水份kg) -> 35 | U3: =LOOKUP($A$3,日期,水分變化KG) -> -1 | V3: =LOOKUP($A$3,日期,水分變化) -> 0.0011837121 | W3: =IF(T3<H8,"Q1",IF(T3<H9,"Q2",IF(T3<H10,"Q3",IF(T3<3000,"Q4")))) -> Q1 | X3: 1140227 | Y3: 81.5 | Z3: 39.8 | AA3: 32.4 | AB3: 49.1 | AC3: 46 | AD3: 36.4 | AE3: =X2 -> 1140204 | AF3: =DATE(MID(X3,1,3)+1911,MID(X3,4,2),MID(X3,6,2)) -> 45715 | AG3: =1-(Y3-AD3)/Y3 -> 0.44662577 | AH3: =Y3-Y2 -> -3.8 | AI3: =Z3-Z2 -> -3.3 | AJ3: =AA3-AA2 -> -4.4 | AK3: =AB3-AB2 -> 0.6 | AL3: =AC3-AC2 -> 0.6 | AM3: =AD3-AD2 -> -0.2 | AN3: =AG3-AG2 -> 0.01755191
A4: =DATE(MID(A3,1,3)+1911,MID(A3,4,2),MID(A3,6,2)) -> 45736 | B4: =DATE(MID(B17,1,3)+1911,MID(B17,4,2),MID(B17,6,2)) -> 45723 | X4: 1140307 | Y4: 79.2 | Z4: 37.6 | AA4: 29.8 | AB4: 49.4 | AC4: 46.2 | AD4: 36 | AE4: =X3 -> 1140227 | AF4: =DATE(MID(X4,1,3)+1911,MID(X4,4,2),MID(X4,6,2)) -> 45723 | AG4: =1-(Y4-AD4)/Y4 -> 0.45454545 | AH4: =Y4-Y3 -> -2.3 | AI4: =Z4-Z3 -> -2.2 | AJ4: =AA4-AA3 -> -2.6 | AK4: =AB4-AB3 -> 0.3 | AL4: =AC4-AC3 -> 0.2 | AM4: =AD4-AD3 -> -0.4 | AN4: =AG4-AG3 -> 0.0079196877
C5: 體重 | D5: 體脂率 | E5: 脂肪重 | F5: 去脂重 | G5: 肌肉重 | H5: 總水份 | X5: 1140320 | Y5: 76.8 | Z5: 37.2 | AA5: 28.6 | AB5: 48.2 | AC5: 45.2 | AD5: 35 | AE5: =X4 -> 1140307 | AF5: =DATE(MID(X5,1,3)+1911,MID(X5,4,2),MID(X5,6,2)) -> 45736 | AG5: =1-(Y5-AD5)/Y5 -> 0.45572917 | AH5: =Y5-Y4 -> -2.4 | AI5: =Z5-Z4 -> -0.4 | AJ5: =AA5-AA4 -> -1.2 | AK5: =AB5-AB4 -> -1.2 | AL5: =AC5-AC4 -> -1 | AM5: =AD5-AD4 -> -1 | AN5: =AG5-AG4 -> 0.0011837121
B6: Q1 | C6: =_xlfn.QUARTILE.INC(Y:Y,1) -> 78.6 | D6: =_xlfn.QUARTILE.INC(Z:Z,1) -> 37.5 | E6: =_xlfn.QUARTILE.INC(AA:AA,1) -> 29.5 | F6: =_xlfn.QUARTILE.INC(AB:AB,1) -> 48.425 | G6: =_xlfn.QUARTILE.INC(AC:AC,1) -> 45.35 | H6: =_xlfn.QUARTILE.INC(AD:AD,1) -> 35.75 | J6: =A4-B4 -> 13 | K6: =ROUND(K7,0) -> 2 | AE6: =X5 -> 1140320 | AF6: =DATE(MID(X6,1,3)+1911,MID(X6,4,2),MID(X6,6,2)) -> #VALUE! | AG6: =1-(Y6-AD6)/Y6 -> #DIV/0! | AH6: =Y6-Y5 -> -76.8 | AI6: =Z6-Z5 -> -37.2 | AJ6: =AA6-AA5 -> -28.6 | AK6: =AB6-AB5 -> -48.2 | AL6: =AC6-AC5 -> -45.2 | AM6: =AD6-AD5 -> -35 | AN6: =AG6-AG5 -> #DIV/0!
B7: =C3 -> 金怡君 | C7: =E3 -> 76.8 | D7: =H3 -> 37.2 | E7: =K3 -> 28.6 | F7: =N3 -> 48.2 | G7: =Q3 -> 45.2 | H7: =T3 -> 35 | J7: 周前 | K7: =J6/7 -> 1.8571429 | AE7: =X6 -> 0 | AF7: =DATE(MID(X7,1,3)+1911,MID(X7,4,2),MID(X7,6,2)) -> #VALUE! | AG7: =1-(Y7-AD7)/Y7 -> #DIV/0! | AH7: =Y7-Y6 -> 0 | AI7: =Z7-Z6 -> 0 | AJ7: =AA7-AA6 -> 0 | AK7: =AB7-AB6 -> 0 | AL7: =AC7-AC6 -> 0 | AM7: =AD7-AD6 -> 0 | AN7: =AG7-AG6 -> #DIV/0!
A8: 低 | B8: Q2 | C8: =_xlfn.QUARTILE.INC(Y:Y,2) -> 80.35 | D8: =_xlfn.QUARTILE.INC(Z:Z,2) -> 38.7 | E8: =_xlfn.QUARTILE.INC(AA:AA,2) -> 31.1 | F8: =_xlfn.QUARTILE.INC(AB:AB,2) -> 48.8 | G8: =_xlfn.QUARTILE.INC(AC:AC,2) -> 45.7 | H8: =_xlfn.QUARTILE.INC(AD:AD,2) -> 36.2 | AE8: =X7 -> 0 | AF8: =DATE(MID(X8,1,3)+1911,MID(X8,4,2),MID(X8,6,2)) -> #VALUE! | AG8: =1-(Y8-AD8)/Y8 -> #DIV/0! | AH8: =Y8-Y7 -> 0 | AI8: =Z8-Z7 -> 0 | AJ8: =AA8-AA7 -> 0 | AK8: =AB8-AB7 -> 0 | AL8: =AC8-AC7 -> 0 | AM8: =AD8-AD7 -> 0 | AN8: =AG8-AG7 -> #DIV/0!
A9: 中等 | B9: Q3 | C9: =_xlfn.QUARTILE.INC(Y:Y,3) -> 82.45 | D9: =_xlfn.QUARTILE.INC(Z:Z,3) -> 40.625 | E9: =_xlfn.QUARTILE.INC(AA:AA,3) -> 33.5 | F9: =_xlfn.QUARTILE.INC(AB:AB,3) -> 49.175 | G9: =_xlfn.QUARTILE.INC(AC:AC,3) -> 46.05 | H9: =_xlfn.QUARTILE.INC(AD:AD,3) -> 36.45 | AE9: =X8 -> 0 | AF9: =DATE(MID(X9,1,3)+1911,MID(X9,4,2),MID(X9,6,2)) -> #VALUE! | AG9: =1-(Y9-AD9)/Y9 -> #DIV/0! | AH9: =Y9-Y8 -> 0 | AI9: =Z9-Z8 -> 0 | AJ9: =AA9-AA8 -> 0 | AK9: =AB9-AB8 -> 0 | AL9: =AC9-AC8 -> 0 | AM9: =AD9-AD8 -> 0 | AN9: =AG9-AG8 -> #DIV/0!
A10: 高 | B10: Q4 | C10: =_xlfn.QUARTILE.INC(Y:Y,4) -> 85.3 | D10: =_xlfn.QUARTILE.INC(Z:Z,4) -> 43.1 | E10: =_xlfn.QUARTILE.INC(AA:AA,4) -> 36.8 | F10: =_xlfn.QUARTILE.INC(AB:AB,4) -> 49.4 | G10: =_xlfn.QUARTILE.INC(AC:AC,4) -> 46.2 | H10: =_xlfn.QUARTILE.INC(AD:AD,4) -> 36.6 | AE10: =X9 -> 0 | AF10: =DATE(MID(X10,1,3)+1911,MID(X10,4,2),MID(X10,6,2)) -> #VALUE! | AG10: =1-(Y10-AD10)/Y10 -> #DIV/0! | AH10: =Y10-Y9 -> 0 | AI10: =Z10-Z9 -> 0 | AJ10: =AA10-AA9 -> 0 | AK10: =AB10-AB9 -> 0 | AL10: =AC10-AC9 -> 0 | AM10: =AD10-AD9 -> 0 | AN10: =AG10-AG9 -> #DIV/0!
AE11: =X10 -> 0 | AF11: =DATE(MID(X11,1,3)+1911,MID(X11,4,2),MID(X11,6,2)) -> #VALUE! | AG11: =1-(Y11-AD11)/Y11 -> #DIV/0! | AH11: =Y11-Y10 -> 0 | AI11: =Z11-Z10 -> 0 | AJ11: =AA11-AA10 -> 0 | AK11: =AB11-AB10 -> 0 | AL11: =AC11-AC10 -> 0 | AM11: =AD11-AD10 -> 0 | AN11: =AG11-AG10 -> #DIV/0!
C12: 體重 | D12: 體脂率 | E12: 脂肪重 | F12: 去脂重 | G12: 肌肉重 | H12: 水份kg | I12: 水份% | AE12: =X11 -> 0 | AF12: =DATE(MID(X12,1,3)+1911,MID(X12,4,2),MID(X12,6,2)) -> #VALUE! | AG12: =1-(Y12-AD12)/Y12 -> #DIV/0! | AH12: =Y12-Y11 -> 0 | AI12: =Z12-Z11 -> 0 | AJ12: =AA12-AA11 -> 0 | AK12: =AB12-AB11 -> 0 | AL12: =AC12-AC11 -> 0 | AM12: =AD12-AD11 -> 0 | AN12: =AG12-AG11 -> #DIV/0!
B13: =LOOKUP(B14,日期,上次量測) -> #N/A | C13: =LOOKUP(B13,日期,體重_kg) -> #N/A | D13: =LOOKUP(B13,日期,體脂率) -> #N/A | E13: =LOOKUP(B13,日期,脂肪重_kg) -> #N/A | F13: =LOOKUP(B13,日期,去脂重_kg) -> #N/A | G13: =LOOKUP(B13,日期,肌肉量) -> #N/A | H13: =LOOKUP(B13,日期,身體總水份kg) -> #N/A | I13: =LOOKUP(B13,日期,身體總水份) -> #N/A | AE13: =X12 -> 0 | AF13: =DATE(MID(X13,1,3)+1911,MID(X13,4,2),MID(X13,6,2)) -> #VALUE! | AG13: =1-(Y13-AD13)/Y13 -> #DIV/0! | AH13: =Y13-Y12 -> 0 | AI13: =Z13-Z12 -> 0 | AJ13: =AA13-AA12 -> 0 | AK13: =AB13-AB12 -> 0 | AL13: =AC13-AC12 -> 0 | AM13: =AD13-AD12 -> 0 | AN13: =AG13-AG12 -> #DIV/0!
B14: =LOOKUP(B15,日期,上次量測) -> 0 | C14: =LOOKUP(B14,日期,體重_kg) -> #N/A | D14: =LOOKUP(B14,日期,體脂率) -> #N/A | E14: =LOOKUP(B14,日期,脂肪重_kg) -> #N/A | F14: =LOOKUP(B14,日期,去脂重_kg) -> #N/A | G14: =LOOKUP(B14,日期,肌肉量) -> #N/A | H14: =LOOKUP(B14,日期,身體總水份kg) -> #N/A | I14: =LOOKUP(B14,日期,身體總水份) -> #N/A | AE14: =X13 -> 0 | AF14: =DATE(MID(X14,1,3)+1911,MID(X14,4,2),MID(X14,6,2)) -> #VALUE! | AG14: =1-(Y14-AD14)/Y14 -> #DIV/0! | AH14: =Y14-Y13 -> 0 | AI14: =Z14-Z13 -> 0 | AJ14: =AA14-AA13 -> 0 | AK14: =AB14-AB13 -> 0 | AL14: =AC14-AC13 -> 0 | AM14: =AD14-AD13 -> 0 | AN14: =AG14-AG13 -> #DIV/0!
B15: =LOOKUP(B16,日期,上次量測) -> 1140204 | C15: =LOOKUP(B15,日期,體重_kg) -> 85.3 | D15: =LOOKUP(B15,日期,體脂率) -> 43.1 | E15: =LOOKUP(B15,日期,脂肪重_kg) -> 36.8 | F15: =LOOKUP(B15,日期,去脂重_kg) -> 48.5 | G15: =LOOKUP(B15,日期,肌肉量) -> 45.4 | H15: =LOOKUP(B15,日期,身體總水份kg) -> 36.6 | I15: =LOOKUP(B15,日期,身體總水份) -> 0.42907386 | AE15: =X14 -> 0 | AF15: =DATE(MID(X15,1,3)+1911,MID(X15,4,2),MID(X15,6,2)) -> #VALUE! | AG15: =1-(Y15-AD15)/Y15 -> #DIV/0! | AH15: =Y15-Y14 -> 0 | AI15: =Z15-Z14 -> 0 | AJ15: =AA15-AA14 -> 0 | AK15: =AB15-AB14 -> 0 | AL15: =AC15-AC14 -> 0 | AM15: =AD15-AD14 -> 0 | AN15: =AG15-AG14 -> #DIV/0!
B16: =LOOKUP(B17,日期,上次量測) -> 1140227 | C16: =LOOKUP(B16,日期,體重_kg) -> 81.5 | D16: =LOOKUP(B16,日期,體脂率) -> 39.8 | E16: =LOOKUP(B16,日期,脂肪重_kg) -> 32.4 | F16: =LOOKUP(B16,日期,去脂重_kg) -> 49.1 | G16: =LOOKUP(B16,日期,肌肉量) -> 46 | H16: =LOOKUP(B16,日期,身體總水份kg) -> 36.4 | I16: =LOOKUP(B16,日期,身體總水份) -> 0.44662577 | AE16: =X15 -> 0 | AF16: =DATE(MID(X16,1,3)+1911,MID(X16,4,2),MID(X16,6,2)) -> #VALUE! | AG16: =1-(Y16-AD16)/Y16 -> #DIV/0! | AH16: =Y16-Y15 -> 0 | AI16: =Z16-Z15 -> 0 | AJ16: =AA16-AA15 -> 0 | AK16: =AB16-AB15 -> 0 | AL16: =AC16-AC15 -> 0 | AM16: =AD16-AD15 -> 0 | AN16: =AG16-AG15 -> #DIV/0!
B17: =LOOKUP(B18,日期,上次量測) -> 1140307 | C17: =LOOKUP(B17,日期,體重_kg) -> 79.2 | D17: =LOOKUP(B17,日期,體脂率) -> 37.6 | E17: =LOOKUP(B17,日期,脂肪重_kg) -> 29.8 | F17: =LOOKUP(B17,日期,去脂重_kg) -> 49.4 | G17: =LOOKUP(B17,日期,肌肉量) -> 46.2 | H17: =LOOKUP(B17,日期,身體總水份kg) -> 36 | I17: =LOOKUP(B17,日期,身體總水份) -> 0.45454545 | AE17: =X16 -> 0 | AF17: =DATE(MID(X17,1,3)+1911,MID(X17,4,2),MID(X17,6,2)) -> #VALUE! | AG17: =1-(Y17-AD17)/Y17 -> #DIV/0! | AH17: =Y17-Y16 -> 0 | AI17: =Z17-Z16 -> 0 | AJ17: =AA17-AA16 -> 0 | AK17: =AB17-AB16 -> 0 | AL17: =AC17-AC16 -> 0 | AM17: =AD17-AD16 -> 0 | AN17: =AG17-AG16 -> #DIV/0!
B18: =A3 -> 1140320 | C18: =LOOKUP(B18,日期,體重_kg) -> 76.8 | D18: =LOOKUP(B18,日期,體脂率) -> 37.2 | E18: =LOOKUP(B18,日期,脂肪重_kg) -> 28.6 | F18: =LOOKUP(B18,日期,去脂重_kg) -> 48.2 | G18: =LOOKUP(B18,日期,肌肉量) -> 45.2 | H18: =LOOKUP(B18,日期,身體總水份kg) -> 35 | I18: =LOOKUP(B18,日期,身體總水份) -> 0.45572917 | AE18: =X17 -> 0 | AF18: =DATE(MID(X18,1,3)+1911,MID(X18,4,2),MID(X18,6,2)) -> #VALUE! | AG18: =1-(Y18-AD18)/Y18 -> #DIV/0! | AH18: =Y18-Y17 -> 0 | AI18: =Z18-Z17 -> 0 | AJ18: =AA18-AA17 -> 0 | AK18: =AB18-AB17 -> 0 | AL18: =AC18-AC17 -> 0 | AM18: =AD18-AD17 -> 0 | AN18: =AG18-AG17 -> #DIV/0!
AE19: =X18 -> 0 | AF19: =DATE(MID(X19,1,3)+1911,MID(X19,4,2),MID(X19,6,2)) -> #VALUE! | AG19: =1-(Y19-AD19)/Y19 -> #DIV/0! | AH19: =Y19-Y18 -> 0 | AI19: =Z19-Z18 -> 0 | AJ19: =AA19-AA18 -> 0 | AK19: =AB19-AB18 -> 0 | AL19: =AC19-AC18 -> 0 | AM19: =AD19-AD18 -> 0 | AN19: =AG19-AG18 -> #DIV/0!
AE20: =X19 -> 0 | AF20: =DATE(MID(X20,1,3)+1911,MID(X20,4,2),MID(X20,6,2)) -> #VALUE! | AG20: =1-(Y20-AD20)/Y20 -> #DIV/0! | AH20: =Y20-Y19 -> 0 | AI20: =Z20-Z19 -> 0 | AJ20: =AA20-AA19 -> 0 | AK20: =AB20-AB19 -> 0 | AL20: =AC20-AC19 -> 0 | AM20: =AD20-AD19 -> 0 | AN20: =AG20-AG19 -> #DIV/0!
AE21: =X20 -> 0 | AF21: =DATE(MID(X21,1,3)+1911,MID(X21,4,2),MID(X21,6,2)) -> #VALUE! | AG21: =1-(Y21-AD21)/Y21 -> #DIV/0! | AH21: =Y21-Y20 -> 0 | AI21: =Z21-Z20 -> 0 | AJ21: =AA21-AA20 -> 0 | AK21: =AB21-AB20 -> 0 | AL21: =AC21-AC20 -> 0 | AM21: =AD21-AD20 -> 0 | AN21: =AG21-AG20 -> #DIV/0!
AE22: =X21 -> 0 | AF22: =DATE(MID(X22,1,3)+1911,MID(X22,4,2),MID(X22,6,2)) -> #VALUE! | AG22: =1-(Y22-AD22)/Y22 -> #DIV/0! | AH22: =Y22-Y21 -> 0 | AI22: =Z22-Z21 -> 0 | AJ22: =AA22-AA21 -> 0 | AK22: =AB22-AB21 -> 0 | AL22: =AC22-AC21 -> 0 | AM22: =AD22-AD21 -> 0 | AN22: =AG22-AG21 -> #DIV/0!
AE23: =X22 -> 0 | AF23: =DATE(MID(X23,1,3)+1911,MID(X23,4,2),MID(X23,6,2)) -> #VALUE! | AG23: =1-(Y23-AD23)/Y23 -> #DIV/0! | AH23: =Y23-Y22 -> 0 | AI23: =Z23-Z22 -> 0 | AJ23: =AA23-AA22 -> 0 | AK23: =AB23-AB22 -> 0 | AL23: =AC23-AC22 -> 0 | AM23: =AD23-AD22 -> 0 | AN23: =AG23-AG22 -> #DIV/0!
AE24: =X23 -> 0 | AF24: =DATE(MID(X24,1,3)+1911,MID(X24,4,2),MID(X24,6,2)) -> #VALUE! | AG24: =1-(Y24-AD24)/Y24 -> #DIV/0! | AH24: =Y24-Y23 -> 0 | AI24: =Z24-Z23 -> 0 | AJ24: =AA24-AA23 -> 0 | AK24: =AB24-AB23 -> 0 | AL24: =AC24-AC23 -> 0 | AM24: =AD24-AD23 -> 0 | AN24: =AG24-AG23 -> #DIV/0!
AE25: =X24 -> 0 | AF25: =DATE(MID(X25,1,3)+1911,MID(X25,4,2),MID(X25,6,2)) -> #VALUE! | AG25: =1-(Y25-AD25)/Y25 -> #DIV/0! | AH25: =Y25-Y24 -> 0 | AI25: =Z25-Z24 -> 0 | AJ25: =AA25-AA24 -> 0 | AK25: =AB25-AB24 -> 0 | AL25: =AC25-AC24 -> 0 | AM25: =AD25-AD24 -> 0 | AN25: =AG25-AG24 -> #DIV/0!
AE26: =X25 -> 0 | AF26: =DATE(MID(X26,1,3)+1911,MID(X26,4,2),MID(X26,6,2)) -> #VALUE! | AG26: =1-(Y26-AD26)/Y26 -> #DIV/0! | AH26: =Y26-Y25 -> 0 | AI26: =Z26-Z25 -> 0 | AJ26: =AA26-AA25 -> 0 | AK26: =AB26-AB25 -> 0 | AL26: =AC26-AC25 -> 0 | AM26: =AD26-AD25 -> 0 | AN26: =AG26-AG25 -> #DIV/0!
AE27: =X26 -> 0 | AF27: =DATE(MID(X27,1,3)+1911,MID(X27,4,2),MID(X27,6,2)) -> #VALUE! | AG27: =1-(Y27-AD27)/Y27 -> #DIV/0! | AH27: =Y27-Y26 -> 0 | AI27: =Z27-Z26 -> 0 | AJ27: =AA27-AA26 -> 0 | AK27: =AB27-AB26 -> 0 | AL27: =AC27-AC26 -> 0 | AM27: =AD27-AD26 -> 0 | AN27: =AG27-AG26 -> #DIV/0!
AE28: =X27 -> 0 | AF28: =DATE(MID(X28,1,3)+1911,MID(X28,4,2),MID(X28,6,2)) -> #VALUE! | AG28: =1-(Y28-AD28)/Y28 -> #DIV/0! | AH28: =Y28-Y27 -> 0 | AI28: =Z28-Z27 -> 0 | AJ28: =AA28-AA27 -> 0 | AK28: =AB28-AB27 -> 0 | AL28: =AC28-AC27 -> 0 | AM28: =AD28-AD27 -> 0 | AN28: =AG28-AG27 -> #DIV/0!
AE29: =X28 -> 0 | AF29: =DATE(MID(X29,1,3)+1911,MID(X29,4,2),MID(X29,6,2)) -> #VALUE! | AG29: =1-(Y29-AD29)/Y29 -> #DIV/0! | AH29: =Y29-Y28 -> 0 | AI29: =Z29-Z28 -> 0 | AJ29: =AA29-AA28 -> 0 | AK29: =AB29-AB28 -> 0 | AL29: =AC29-AC28 -> 0 | AM29: =AD29-AD28 -> 0 | AN29: =AG29-AG28 -> #DIV/0!
AE30: =X29 -> 0 | AF30: =DATE(MID(X30,1,3)+1911,MID(X30,4,2),MID(X30,6,2)) -> #VALUE! | AG30: =1-(Y30-AD30)/Y30 -> #DIV/0! | AH30: =Y30-Y29 -> 0 | AI30: =Z30-Z29 -> 0 | AJ30: =AA30-AA29 -> 0 | AK30: =AB30-AB29 -> 0 | AL30: =AC30-AC29 -> 0 | AM30: =AD30-AD29 -> 0 | AN30: =AG30-AG29 -> #DIV/0!
... AE55: =X54 -> 0 | AF55: =DATE(MID(X55,1,3)+1911,MID(X55,4,2),MID(X55,6,2)) -> #VALUE! | AG55: =1-(Y55-AD55)/Y55 -> #DIV/0! | AH55: =Y55-Y54 -> 0 | AI55: =Z55-Z54 -> 0 | AJ55: =AA55-AA54 -> 0 | AK55: =AB55-AB54 -> 0 | AL55: =AC55-AC54 -> 0 | AM55: =AD55-AD54 -> 0 | AN55: =AG55-AG54 -> #DIV/0!

Sheet 范羽喬
A1: 量測日期 | B1: 上次量測 | C1: 姓名 | D1: 性別 | E1: 體重 | H1: 體脂率 | K1: 脂肪重 | N1: 去脂肪重 | Q1: 肌肉重 | T1: 總水份 | X1: 日期 | Y1: 體重(kg) | Z1: 體脂率(%) | AA1: 脂肪重(kg) | AB1: 去脂重(kg) | AC1: 肌肉量 | AD1: 身體總水份kg | AE1: 上次量測 | AF1: 星期 | AG1: 身體總水份% | AH1: 體重變化 | AI1: 體脂率變化 | AJ1: 脂肪重變化 | AK1: 去脂重變化 | AL1: 肌肉量變化 | AM1: 水分變化KG | AN1: 水分變化%
A2: "選取" | E2: 體重 | F2: 變化 | G2: 區間 | H2: 體脂率 | I2: 變化 | J2: 區間 | K2: 脂肪重 | L2: 變化 | M2: 區間 | N2: 去脂重 | O2: 變化 | P2: 區間 | Q2: 肌肉重 | R2: 變化 | S2: 區間 | T2: 總水份 | U2: 變化 | V2: 變化% | W2: 區間 | X2: {=_xlfn._xlws.SORT(_xlfn._xlws.FILTER(資料輸入!F:L, ISNUMBER(MATCH(資料輸入!E:E, 范羽喬!C3, 0))), 1, TRUE)} -> 1140204 | Y2: 51.9 | Z2: 24.2 | AA2: 12.6 | AB2: 39.3 | AC2: 37 | AD2: 25.8 | AF2: =DATE(MID(X2,1,3)+1911,MID(X2,4,2),MID(X2,6,2)) -> 45692 | AG2: =1-(Y2-AD2)/Y2 -> 0.49710983
A3: =MAX(X:X) -> 1140307 | B3: =K6&J7 -> 4周前 | C3: 范羽喬 | D3: 女 | E3: =LOOKUP($A$3,日期,體重_kg) -> 48.6 | F3: =LOOKUP($A$3,日期,體重變化) -> -3.3 | G3: =IF(E3<C8,"Q1",IF(E3<C9,"Q2",IF(E3<C10,"Q3",IF(E3<3000,"Q4")))) -> Q1 | H3: =LOOKUP($A$3,日期,體脂率) -> 21.8 | I3: =LOOKUP($A$3,日期,體脂率變化) -> -2.4 | J3: =IF(H3<D8,"Q1",IF(H3<D9,"Q2",IF(H3<D10,"Q3",IF(H3<3000,"Q4")))) -> Q1 | K3: =LOOKUP($A$3,日期,脂肪重_kg) -> 10.6 | L3: =LOOKUP($A$3,日期,脂肪重變化) -> -2 | M3: =IF(K3<E8,"Q1",IF(K3<E9,"Q2",IF(K3<E10,"Q3",IF(K3<3000,"Q4")))) -> Q1 | N3: =LOOKUP($A$3,日期,去脂重_kg) -> 38 | O3: =LOOKUP($A$3,日期,去脂重變化) -> -1.3 | P3: =IF(N3<F8,"Q1",IF(N3<F9,"Q2",IF(N3<F10,"Q3",IF(N3<3000,"Q4")))) -> Q1 | Q3: =LOOKUP($A$3,日期,肌肉量) -> 35.8 | R3: =LOOKUP($A$3,日期,肌肉量變化) -> -1.2 | S3: =IF(Q3<G8,"Q1",IF(Q3<G9,"Q2",IF(Q3<G10,"Q3",IF(Q3<3000,"Q4")))) -> Q1 | T3: =LOOKUP($A$3,日期,身體總水份kg) -> 24.7 | U3: =LOOKUP($A$3,日期,水分變化KG) -> -1.1 | V3: =LOOKUP($A$3,日期,水分變化) -> 0.011120626 | W3: =IF(T3<H8,"Q1",IF(T3<H9,"Q2",IF(T3<H10,"Q3",IF(T3<3000,"Q4")))) -> Q1 | X3: 1140307 | Y3: 48.6 | Z3: 21.8 | AA3: 10.6 | AB3: 38 | AC3: 35.8 | AD3: 24.7 | AE3: =X2 -> 1140204 | AF3: =DATE(MID(X3,1,3)+1911,MID(X3,4,2),MID(X3,6,2)) -> 45723 | AG3: =1-(Y3-AD3)/Y3 -> 0.50823045 | AH3: =Y3-Y2 -> -3.3 | AI3: =Z3-Z2 -> -2.4 | AJ3: =AA3-AA2 -> -2 | AK3: =AB3-AB2 -> -1.3 | AL3: =AC3-AC2 -> -1.2 | AM3: =AD3-AD2 -> -1.1 | AN3: =AG3-AG2 -> 0.011120626
A4: =DATE(MID(A3,1,3)+1911,MID(A3,4,2),MID(A3,6,2)) -> 45723 | B4: =DATE(MID(B17,1,3)+1911,MID(B17,4,2),MID(B17,6,2)) -> 45692 | AE4: =X3 -> 1140307 | AF4: =DATE(MID(X4,1,3)+1911,MID(X4,4,2),MID(X4,6,2)) -> #VALUE! | AG4: =1-(Y4-AD4)/Y4 -> #DIV/0! | AH4: =Y4-Y3 -> -48.6 | AI4: =Z4-Z3 -> -21.8 | AJ4: =AA4-AA3 -> -10.6 | AK4: =AB4-AB3 -> -38 | AL4: =AC4-AC3 -> -35.8 | AM4: =AD4-AD3 -> -24.7 | AN4: =AG4-AG3 -> #DIV/0!
C5: 體重 | D5: 體脂率 | E5: 脂肪重 | F5: 去脂重 | G5: 肌肉重 | H5: 總水份 | AE5: =X4 -> 0 | AF5: =DATE(MID(X5,1,3)+1911,MID(X5,4,2),MID(X5,6,2)) -> #VALUE! | AG5: =1-(Y5-AD5)/Y5 -> #DIV/0! | AH5: =Y5-Y4 -> 0 | AI5: =Z5-Z4 -> 0 | AJ5: =AA5-AA4 -> 0 | AK5: =AB5-AB4 -> 0 | AL5: =AC5-AC4 -> 0 | AM5: =AD5-AD4 -> 0 | AN5: =AG5-AG4 -> #DIV/0!
B6: Q1 | C6: =_xlfn.QUARTILE.INC(Y:Y,1) -> 49.425 | D6: =_xlfn.QUARTILE.INC(Z:Z,1) -> 22.4 | E6: =_xlfn.QUARTILE.INC(AA:AA,1) -> 11.1 | F6: =_xlfn.QUARTILE.INC(AB:AB,1) -> 38.325 | G6: =_xlfn.QUARTILE.INC(AC:AC,1) -> 36.1 | H6: =_xlfn.QUARTILE.INC(AD:AD,1) -> 24.975 | J6: =A4-B4 -> 31 | K6: =ROUND(K7,0) -> 4 | AE6: =X5 -> 0 | AF6: =DATE(MID(X6,1,3)+1911,MID(X6,4,2),MID(X6,6,2)) -> #VALUE! | AG6: =1-(Y6-AD6)/Y6 -> #DIV/0! | AH6: =Y6-Y5 -> 0 | AI6: =Z6-Z5 -> 0 | AJ6: =AA6-AA5 -> 0 | AK6: =AB6-AB5 -> 0 | AL6: =AC6-AC5 -> 0 | AM6: =AD6-AD5 -> 0 | AN6: =AG6-AG5 -> #DIV/0!
B7: =C3 -> 范羽喬 | C7: =E3 -> 48.6 | D7: =H3 -> 21.8 | E7: =K3 -> 10.6 | F7: =N3 -> 38 | G7: =Q3 -> 35.8 | H7: =T3 -> 24.7 | J7: 周前 | K7: =J6/7 -> 4.4285714 | AE7: =X6 -> 0 | AF7: =DATE(MID(X7,1,3)+1911,MID(X7,4,2),MID(X7,6,2)) -> #VALUE! | AG7: =1-(Y7-AD7)/Y7 -> #DIV/0! | AH7: =Y7-Y6 -> 0 | AI7: =Z7-Z6 -> 0 | AJ7: =AA7-AA6 -> 0 | AK7: =AB7-AB6 -> 0 | AL7: =AC7-AC6 -> 0 | AM7: =AD7-AD6 -> 0 | AN7: =AG7-AG6 -> #DIV/0!
A8: 低 | B8: Q2 | C8: =_xlfn.QUARTILE.INC(Y:Y,2) -> 50.25 | D8: =_xlfn.QUARTILE.INC(Z:Z,2) -> 23 | E8: =_xlfn.QUARTILE.INC(AA:AA,2) -> 11.6 | F8: =_xlfn.QUARTILE.INC(AB:AB,2) -> 38.65 | G8: =_xlfn.QUARTILE.INC(AC:AC,2) -> 36.4 | H8: =_xlfn.QUARTILE.INC(AD:AD,2) -> 25.25 | AE8: =X7 -> 0 | AF8: =DATE(MID(X8,1,3)+1911,MID(X8,4,2),MID(X8,6,2)) -> #VALUE! | AG8: =1-(Y8-AD8)/Y8 -> #DIV/0! | AH8: =Y8-Y7 -> 0 | AI8: =Z8-Z7 -> 0 | AJ8: =AA8-AA7 -> 0 | AK8: =AB8-AB7 -> 0 | AL8: =AC8-AC7 -> 0 | AM8: =AD8-AD7 -> 0 | AN8: =AG8-AG7 -> #DIV/0!
A9: 中等 | B9: Q3 | C9: =_xlfn.QUARTILE.INC(Y:Y,3) -> 51.075 | D9: =_xlfn.QUARTILE.INC(Z:Z,3) -> 23.6 | E9: =_xlfn.QUARTILE.INC(AA:AA,3) -> 12.1 | F9: =_xlfn.QUARTILE.INC(AB:AB,3) -> 38.975 | G9: =_xlfn.QUARTILE.INC(AC:AC,3) -> 36.7 | H9: =_xlfn.QUARTILE.INC(AD:AD,3) -> 25.525 | AE9: =X8 -> 0 | AF9: =DATE(MID(X9,1,3)+1911,MID(X9,4,2),MID(X9,6,2)) -> #VALUE! | AG9: =1-(Y9-AD9)/Y9 -> #DIV/0! | AH9: =Y9-Y8 -> 0 | AI9: =Z9-Z8 -> 0 | AJ9: =AA9-AA8 -> 0 | AK9: =AB9-AB8 -> 0 | AL9: =AC9-AC8 -> 0 | AM9: =AD9-AD8 -> 0 | AN9: =AG9-AG8 -> #DIV/0!
A10: 高 | B10: Q4 | C10: =_xlfn.QUARTILE.INC(Y:Y,4) -> 51.9 | D10: =_xlfn.QUARTILE.INC(Z:Z,4) -> 24.2 | E10: =_xlfn.QUARTILE.INC(AA:AA,4) -> 12.6 | F10: =_xlfn.QUARTILE.INC(AB:AB,4) -> 39.3 | G10: =_xlfn.QUARTILE.INC(AC:AC,4) -> 37 | H10: =_xlfn.QUARTILE.INC(AD:AD,4) -> 25.8 | AE10: =X9 -> 0 | AF10: =DATE(MID(X10,1,3)+1911,MID(X10,4,2),MID(X10,6,2)) -> #VALUE! | AG10: =1-(Y10-AD10)/Y10 -> #DIV/0! | AH10: =Y10-Y9 -> 0 | AI10: =Z10-Z9 -> 0 | AJ10: =AA10-AA9 -> 0 | AK10: =AB10-AB9 -> 0 | AL10: =AC10-AC9 -> 0 | AM10: =AD10-AD9 -> 0 | AN10: =AG10-AG9 -> #DIV/0!
AE11: =X10 -> 0 | AF11: =DATE(MID(X11,1,3)+1911,MID(X11,4,2),MID(X11,6,2)) -> #VALUE! | AG11: =1-(Y11-AD11)/Y11 -> #DIV/0! | AH11: =Y11-Y10 -> 0 | AI11: =Z11-Z10 -> 0 | AJ11: =AA11-AA10 -> 0 | AK11: =AB11-AB10 -> 0 | AL11: =AC11-AC10 -> 0 | AM11: =AD11-AD10 -> 0 | AN11: =AG11-AG10 -> #DIV/0!
C12: 體重 | D12: 體脂率 | E12: 脂肪重 | F12: 去脂重 | G12: 肌肉重 | H12: 水份kg | I12: 水份% | AE12: =X11 -> 0 | AF12: =DATE(MID(X12,1,3)+1911,MID(X12,4,2),MID(X12,6,2)) -> #VALUE! | AG12: =1-(Y12-AD12)/Y12 -> #DIV/0! | AH12: =Y12-Y11 -> 0 | AI12: =Z12-Z11 -> 0 | AJ12: =AA12-AA11 -> 0 | AK12: =AB12-AB11 -> 0 | AL12: =AC12-AC11 -> 0 | AM12: =AD12-AD11 -> 0 | AN12: =AG12-AG11 -> #DIV/0!
B13: =LOOKUP(B14,日期,上次量測) -> #N/A | C13: =LOOKUP(B13,日期,體重_kg) -> #N/A | D13: =LOOKUP(B13,日期,體脂率) -> #N/A | E13: =LOOKUP(B13,日期,脂肪重_kg) -> #N/A | F13: =LOOKUP(B13,日期,去脂重_kg) -> #N/A | G13: =LOOKUP(B13,日期,肌肉量) -> #N/A | H13: =LOOKUP(B13,日期,身體總水份kg) -> #N/A | I13: =LOOKUP(B13,日期,身體總水份) -> #N/A | AE13: =X12 -> 0 | AF13: =DATE(MID(X13,1,3)+1911,MID(X13,4,2),MID(X13,6,2)) -> #VALUE! | AG13: =1-(Y13-AD13)/Y13 -> #DIV/0! | AH13: =Y13-Y12 -> 0 | AI13: =Z13-Z12 -> 0 | AJ13: =AA13-AA12 -> 0 | AK13: =AB13-AB12 -> 0 | AL13: =AC13-AC12 -> 0 | AM13: =AD13-AD12 -> 0 | AN13: =AG13-AG12 -> #DIV/0!
B14: =LOOKUP(B15,日期,上次量測) -> #N/A | C14: =LOOKUP(B14,日期,體重_kg) -> #N/A | D14: =LOOKUP(B14,日期,體脂率) -> #N/A | E14: =LOOKUP(B14,日期,脂肪重_kg) -> #N/A | F14: =LOOKUP(B14,日期,去脂重_kg) -> #N/A | G14: =LOOKUP(B14,日期,肌肉量) -> #N/A | H14: =LOOKUP(B14,日期,身體總水份kg) -> #N/A | I14: =LOOKUP(B14,日期,身體總水份) -> #N/A | AE14: =X13 -> 0 | AF14: =DATE(MID(X14,1,3)+1911,MID(X14,4,2),MID(X14,6,2)) -> #VALUE! | AG14: =1-(Y14-AD14)/Y14 -> #DIV/0! | AH14: =Y14-Y13 -> 0 | AI14: =Z14-Z13 -> 0 | AJ14: =AA14-AA13 -> 0 | AK14: =AB14-AB13 -> 0 | AL14: =AC14-AC13 -> 0 | AM14: =AD14-AD13 -> 0 | AN14: =AG14-AG13 -> #DIV/0!
B15: =LOOKUP(B16,日期,上次量測) -> #N/A | C15: =LOOKUP(B15,日期,體重_kg) -> #N/A | D15: =LOOKUP(B15,日期,體脂率) -> #N/A | E15: =LOOKUP(B15,日期,脂肪重_kg) -> #N/A | F15: =LOOKUP(B15,日期,去脂重_kg) -> #N/A | G15: =LOOKUP(B15,日期,肌肉量) -> #N/A | H15: =LOOKUP(B15,日期,身體總水份kg) -> #N/A | I15: =LOOKUP(B15,日期,身體總水份) -> #N/A | AE15: =X14 -> 0 | AF15: =DATE(MID(X15,1,3)+1911,MID(X15,4,2),MID(X15,6,2)) -> #VALUE! | AG15: =1-(Y15-AD15)/Y15 -> #DIV/0! | AH15: =Y15-Y14 -> 0 | AI15: =Z15-Z14 -> 0 | AJ15: =AA15-AA14 -> 0 | AK15: =AB15-AB14 -> 0 | AL15: =AC15-AC14 -> 0 | AM15: =AD15-AD14 -> 0 | AN15: =AG15-AG14 -> #DIV/0!
B16: =LOOKUP(B17,日期,上次量測) -> 0 | C16: =LOOKUP(B16,日期,體重_kg) -> #N/A | D16: =LOOKUP(B16,日期,體脂率) -> #N/A | E16: =LOOKUP(B16,日期,脂肪重_kg) -> #N/A | F16: =LOOKUP(B16,日期,去脂重_kg) -> #N/A | G16: =LOOKUP(B16,日期,肌肉量) -> #N/A | H16: =LOOKUP(B16,日期,身體總水份kg) -> #N/A | I16: =LOOKUP(B16,日期,身體總水份) -> #N/A | AE16: =X15 -> 0 | AF16: =DATE(MID(X16,1,3)+1911,MID(X16,4,2),MID(X16,6,2)) -> #VALUE! | AG16: =1-(Y16-AD16)/Y16 -> #DIV/0! | AH16: =Y16-Y15 -> 0 | AI16: =Z16-Z15 -> 0 | AJ16: =AA16-AA15 -> 0 | AK16: =AB16-AB15 -> 0 | AL16: =AC16-AC15 -> 0 | AM16: =AD16-AD15 -> 0 | AN16: =AG16-AG15 -> #DIV/0!
B17: =LOOKUP(B18,日期,上次量測) -> 1140204 | C17: =LOOKUP(B17,日期,體重_kg) -> 51.9 | D17: =LOOKUP(B17,日期,體脂率) -> 24.2 | E17: =LOOKUP(B17,日期,脂肪重_kg) -> 12.6 | F17: =LOOKUP(B17,日期,去脂重_kg) -> 39.3 | G17: =LOOKUP(B17,日期,肌肉量) -> 37 | H17: =LOOKUP(B17,日期,身體總水份kg) -> 25.8 | I17: =LOOKUP(B17,日期,身體總水份) -> 0.49710983 | AE17: =X16 -> 0 | AF17: =DATE(MID(X17,1,3)+1911,MID(X17,4,2),MID(X17,6,2)) -> #VALUE! | AG17: =1-(Y17-AD17)/Y17 -> #DIV/0! | AH17: =Y17-Y16 -> 0 | AI17: =Z17-Z16 -> 0 | AJ17: =AA17-AA16 -> 0 | AK17: =AB17-AB16 -> 0 | AL17: =AC17-AC16 -> 0 | AM17: =AD17-AD16 -> 0 | AN17: =AG17-AG16 -> #DIV/0!
B18: =A3 -> 1140307 | C18: =LOOKUP(B18,日期,體重_kg) -> 48.6 | D18: =LOOKUP(B18,日期,體脂率) -> 21.8 | E18: =LOOKUP(B18,日期,脂肪重_kg) -> 10.6 | F18: =LOOKUP(B18,日期,去脂重_kg) -> 38 | G18: =LOOKUP(B18,日期,肌肉量) -> 35.8 | H18: =LOOKUP(B18,日期,身體總水份kg) -> 24.7 | I18: =LOOKUP(B18,日期,身體總水份) -> 0.50823045 | AE18: =X17 -> 0 | AF18: =DATE(MID(X18,1,3)+1911,MID(X18,4,2),MID(X18,6,2)) -> #VALUE! | AG18: =1-(Y18-AD18)/Y18 -> #DIV/0! | AH18: =Y18-Y17 -> 0 | AI18: =Z18-Z17 -> 0 | AJ18: =AA18-AA17 -> 0 | AK18: =AB18-AB17 -> 0 | AL18: =AC18-AC17 -> 0 | AM18: =AD18-AD17 -> 0 | AN18: =AG18-AG17 -> #DIV/0!
AE19: =X18 -> 0 | AF19: =DATE(MID(X19,1,3)+1911,MID(X19,4,2),MID(X19,6,2)) -> #VALUE! | AG19: =1-(Y19-AD19)/Y19 -> #DIV/0! | AH19: =Y19-Y18 -> 0 | AI19: =Z19-Z18 -> 0 | AJ19: =AA19-AA18 -> 0 | AK19: =AB19-AB18 -> 0 | AL19: =AC19-AC18 -> 0 | AM19: =AD19-AD18 -> 0 | AN19: =AG19-AG18 -> #DIV/0!
AE20: =X19 -> 0 | AF20: =DATE(MID(X20,1,3)+1911,MID(X20,4,2),MID(X20,6,2)) -> #VALUE! | AG20: =1-(Y20-AD20)/Y20 -> #DIV/0! | AH20: =Y20-Y19 -> 0 | AI20: =Z20-Z19 -> 0 | AJ20: =AA20-AA19 -> 0 | AK20: =AB20-AB19 -> 0 | AL20: =AC20-AC19 -> 0 | AM20: =AD20-AD19 -> 0 | AN20: =AG20-AG19 -> #DIV/0!
AE21: =X20 -> 0 | AF21: =DATE(MID(X21,1,3)+1911,MID(X21,4,2),MID(X21,6,2)) -> #VALUE! | AG21: =1-(Y21-AD21)/Y21 -> #DIV/0! | AH21: =Y21-Y20 -> 0 | AI21: =Z21-Z20 -> 0 | AJ21: =AA21-AA20 -> 0 | AK21: =AB21-AB20 -> 0 | AL21: =AC21-AC20 -> 0 | AM21: =AD21-AD20 -> 0 | AN21: =AG21-AG20 -> #DIV/0!
AE22: =X21 -> 0 | AF22: =DATE(MID(X22,1,3)+1911,MID(X22,4,2),MID(X22,6,2)) -> #VALUE! | AG22: =1-(Y22-AD22)/Y22 -> #DIV/0! | AH22: =Y22-Y21 -> 0 | AI22: =Z22-Z21 -> 0 | AJ22: =AA22-AA21 -> 0 | AK22: =AB22-AB21 -> 0 | AL22: =AC22-AC21 -> 0 | AM22: =AD22-AD21 -> 0 | AN22: =AG22-AG21 -> #DIV/0!
AE23: =X22 -> 0 | AF23: =DATE(MID(X23,1,3)+1911,MID(X23,4,2),MID(X23,6,2)) -> #VALUE! | AG23: =1-(Y23-AD23)/Y23 -> #DIV/0! | AH23: =Y23-Y22 -> 0 | AI23: =Z23-Z22 -> 0 | AJ23: =AA23-AA22 -> 0 | AK23: =AB23-AB22 -> 0 | AL23: =AC23-AC22 -> 0 | AM23: =AD23-AD22 -> 0 | AN23: =AG23-AG22 -> #DIV/0!
AE24: =X23 -> 0 | AF24: =DATE(MID(X24,1,3)+1911,MID(X24,4,2),MID(X24,6,2)) -> #VALUE! | AG24: =1-(Y24-AD24)/Y24 -> #DIV/0! | AH24: =Y24-Y23 -> 0 | AI24: =Z24-Z23 -> 0 | AJ24: =AA24-AA23 -> 0 | AK24: =AB24-AB23 -> 0 | AL24: =AC24-AC23 -> 0 | AM24: =AD24-AD23 -> 0 | AN24: =AG24-AG23 -> #DIV/0!
AE25: =X24 -> 0 | AF25: =DATE(MID(X25,1,3)+1911,MID(X25,4,2),MID(X25,6,2)) -> #VALUE! | AG25: =1-(Y25-AD25)/Y25 -> #DIV/0! | AH25: =Y25-Y24 -> 0 | AI25: =Z25-Z24 -> 0 | AJ25: =AA25-AA24 -> 0 | AK25: =AB25-AB24 -> 0 | AL25: =AC25-AC24 -> 0 | AM25: =AD25-AD24 -> 0 | AN25: =AG25-AG24 -> #DIV/0!
AE26: =X25 -> 0 | AF26: =DATE(MID(X26,1,3)+1911,MID(X26,4,2),MID(X26,6,2)) -> #VALUE! | AG26: =1-(Y26-AD26)/Y26 -> #DIV/0! | AH26: =Y26-Y25 -> 0 | AI26: =Z26-Z25 -> 0 | AJ26: =AA26-AA25 -> 0 | AK26: =AB26-AB25 -> 0 | AL26: =AC26-AC25 -> 0 | AM26: =AD26-AD25 -> 0 | AN26: =AG26-AG25 -> #DIV/0!
AE27: =X26 -> 0 | AF27: =DATE(MID(X27,1,3)+1911,MID(X27,4,2),MID(X27,6,2)) -> #VALUE! | AG27: =1-(Y27-AD27)/Y27 -> #DIV/0! | AH27: =Y27-Y26 -> 0 | AI27: =Z27-Z26 -> 0 | AJ27: =AA27-AA26 -> 0 | AK27: =AB27-AB26 -> 0 | AL27: =AC27-AC26 -> 0 | AM27: =AD27-AD26 -> 0 | AN27: =AG27-AG26 -> #DIV/0!
AE28: =X27 -> 0 | AF28: =DATE(MID(X28,1,3)+1911,MID(X28,4,2),MID(X28,6,2)) -> #VALUE! | AG28: =1-(Y28-AD28)/Y28 -> #DIV/0! | AH28: =Y28-Y27 -> 0 | AI28: =Z28-Z27 -> 0 | AJ28: =AA28-AA27 -> 0 | AK28: =AB28-AB27 -> 0 | AL28: =AC28-AC27 -> 0 | AM28: =AD28-AD27 -> 0 | AN28: =AG28-AG27 -> #DIV/0!
AE29: =X28 -> 0 | AF29: =DATE(MID(X29,1,3)+1911,MID(X29,4,2),MID(X29,6,2)) -> #VALUE! | AG29: =1-(Y29-AD29)/Y29 -> #DIV/0! | AH29: =Y29-Y28 -> 0 | AI29: =Z29-Z28 -> 0 | AJ29: =AA29-AA28 -> 0 | AK29: =AB29-AB28 -> 0 | AL29: =AC29-AC28 -> 0 | AM29: =AD29-AD28 -> 0 | AN29: =AG29-AG28 -> #DIV/0!
AE30: =X29 -> 0 | AF30: =DATE(MID(X30,1,3)+1911,MID(X30,4,2),MID(X30,6,2)) -> #VALUE! | AG30: =1-(Y30-AD30)/Y30 -> #DIV/0! | AH30: =Y30-Y29 -> 0 | AI30: =Z30-Z29 -> 0 | AJ30: =AA30-AA29 -> 0 | AK30: =AB30-AB29 -> 0 | AL30: =AC30-AC29 -> 0 | AM30: =AD30-AD29 -> 0 | AN30: =AG30-AG29 -> #DIV/0!
... AE55: =X54 -> 0 | AF55: =DATE(MID(X55,1,3)+1911,MID(X55,4,2),MID(X55,6,2)) -> #VALUE! | AG55: =1-(Y55-AD55)/Y55 -> #DIV/0! | AH55: =Y55-Y54 -> 0 | AI55: =Z55-Z54 -> 0 | AJ55: =AA55-AA54 -> 0 | AK55: =AB55-AB54 -> 0 | AL55: =AC55-AC54 -> 0 | AM55: =AD55-AD54 -> 0 | AN55: =AG55-AG54 -> #DIV/0!

Sheet 王薇嘉
A1: 量測日期 | B1: 上次量測 | C1: 姓名 | D1: 性別 | E1: 體重 | H1: 體脂率 | K1: 脂肪重 | N1: 去脂肪重 | Q1: 肌肉重 | T1: 總水份 | X1: 日期 | Y1: 體重(kg) | Z1: 體脂率(%) | AA1: 脂肪重(kg) | AB1: 去脂重(kg) | AC1: 肌肉量 | AD1: 身體總水份kg | AE1: 上次量測 | AF1: 星期 | AG1: 身體總水份% | AH1: 體重變化 | AI1: 體脂率變化 | AJ1: 脂肪重變化 | AK1: 去脂重變化 | AL1: 肌肉量變化 | AM1: 水分變化KG | AN1: 水分變化%
A2: "選取" | E2: 體重 | F2: 變化 | G2: 區間 | H2: 體脂率 | I2: 變化 | J2: 區間 | K2: 脂肪重 | L2: 變化 | M2: 區間 | N2: 去脂重 | O2: 變化 | P2: 區間 | Q2: 肌肉重 | R2: 變化 | S2: 區間 | T2: 總水份 | U2: 變化 | V2: 變化% | W2: 區間 | X2: {=_xlfn._xlws.SORT(_xlfn._xlws.FILTER(資料輸入!F:L, ISNUMBER(MATCH(資料輸入!E:E, 王薇嘉!C3, 0))), 1, TRUE)} -> 1140204 | Y2: 64.9 | Z2: 27.9 | AA2: 18.1 | AB2: 46.8 | AC2: 43.9 | AD2: 34.3 | AF2: =DATE(MID(X2,1,3)+1911,MID(X2,4,2),MID(X2,6,2)) -> 45692 | AG2: =1-(Y2-AD2)/Y2 -> 0.52850539
A3: =MAX(X:X) -> 1140307 | B3: =K6&J7 -> 4周前 | C3: 王薇嘉 | D3: 女 | E3: =LOOKUP($A$3,日期,體重_kg) -> 64.9 | F3: =LOOKUP($A$3,日期,體重變化) -> 0 | G3: =IF(E3<C8,"Q1",IF(E3<C9,"Q2",IF(E3<C10,"Q3",IF(E3<3000,"Q4")))) -> Q4 | H3: =LOOKUP($A$3,日期,體脂率) -> 25.7 | I3: =LOOKUP($A$3,日期,體脂率變化) -> -2.2 | J3: =IF(H3<D8,"Q1",IF(H3<D9,"Q2",IF(H3<D10,"Q3",IF(H3<3000,"Q4")))) -> Q1 | K3: =LOOKUP($A$3,日期,脂肪重_kg) -> 16.7 | L3: =LOOKUP($A$3,日期,脂肪重變化) -> -1.4 | M3: =IF(K3<E8,"Q1",IF(K3<E9,"Q2",IF(K3<E10,"Q3",IF(K3<3000,"Q4")))) -> Q1 | N3: =LOOKUP($A$3,日期,去脂重_kg) -> 48.2 | O3: =LOOKUP($A$3,日期,去脂重變化) -> 1.4 | P3: =IF(N3<F8,"Q1",IF(N3<F9,"Q2",IF(N3<F10,"Q3",IF(N3<3000,"Q4")))) -> Q4 | Q3: =LOOKUP($A$3,日期,肌肉量) -> 45.2 | R3: =LOOKUP($A$3,日期,肌肉量變化) -> 1.3 | S3: =IF(Q3<G8,"Q1",IF(Q3<G9,"Q2",IF(Q3<G10,"Q3",IF(Q3<3000,"Q4")))) -> Q4 | T3: =LOOKUP($A$3,日期,身體總水份kg) -> 35.3 | U3: =LOOKUP($A$3,日期,水分變化KG) -> 1 | V3: =LOOKUP($A$3,日期,水分變化) -> 0.01540832 | W3: =IF(T3<H8,"Q1",IF(T3<H9,"Q2",IF(T3<H10,"Q3",IF(T3<3000,"Q4")))) -> Q4 | X3: 1140307 | Y3: 64.9 | Z3: 25.7 | AA3: 16.7 | AB3: 48.2 | AC3: 45.2 | AD3: 35.3 | AE3: =X2 -> 1140204 | AF3: =DATE(MID(X3,1,3)+1911,MID(X3,4,2),MID(X3,6,2)) -> 45723 | AG3: =1-(Y3-AD3)/Y3 -> 0.54391371 | AH3: =Y3-Y2 -> 0 | AI3: =Z3-Z2 -> -2.2 | AJ3: =AA3-AA2 -> -1.4 | AK3: =AB3-AB2 -> 1.4 | AL3: =AC3-AC2 -> 1.3 | AM3: =AD3-AD2 -> 1 | AN3: =AG3-AG2 -> 0.01540832
A4: =DATE(MID(A3,1,3)+1911,MID(A3,4,2),MID(A3,6,2)) -> 45723 | B4: =DATE(MID(B17,1,3)+1911,MID(B17,4,2),MID(B17,6,2)) -> 45692 | AE4: =X3 -> 1140307 | AF4: =DATE(MID(X4,1,3)+1911,MID(X4,4,2),MID(X4,6,2)) -> #VALUE! | AG4: =1-(Y4-AD4)/Y4 -> #DIV/0! | AH4: =Y4-Y3 -> -64.9 | AI4: =Z4-Z3 -> -25.7 | AJ4: =AA4-AA3 -> -16.7 | AK4: =AB4-AB3 -> -48.2 | AL4: =AC4-AC3 -> -45.2 | AM4: =AD4-AD3 -> -35.3 | AN4: =AG4-AG3 -> #DIV/0!
C5: 體重 | D5: 體脂率 | E5: 脂肪重 | F5: 去脂重 | G5: 肌肉重 | H5: 總水份 | AE5: =X4 -> 0 | AF5: =DATE(MID(X5,1,3)+1911,MID(X5,4,2),MID(X5,6,2)) -> #VALUE! | AG5: =1-(Y5-AD5)/Y5 -> #DIV/0! | AH5: =Y5-Y4 -> 0 | AI5: =Z5-Z4 -> 0 | AJ5: =AA5-AA4 -> 0 | AK5: =AB5-AB4 -> 0 | AL5: =AC5-AC4 -> 0 | AM5: =AD5-AD4 -> 0 | AN5: =AG5-AG4 -> #DIV/0!
B6: Q1 | C6: =_xlfn.QUARTILE.INC(Y:Y,1) -> 64.9 | D6: =_xlfn.QUARTILE.INC(Z:Z,1) -> 26.25 | E6: =_xlfn.QUARTILE.INC(AA:AA,1) -> 17.05 | F6: =_xlfn.QUARTILE.INC(AB:AB,1) -> 47.15 | G6: =_xlfn.QUARTILE.INC(AC:AC,1) -> 44.225 | H6: =_xlfn.QUARTILE.INC(AD:AD,1) -> 34.55 | J6: =A4-B4 -> 31 | K6: =ROUND(K7,0) -> 4 | AE6: =X5 -> 0 | AF6: =DATE(MID(X6,1,3)+1911,MID(X6,4,2),MID(X6,6,2)) -> #VALUE! | AG6: =1-(Y6-AD6)/Y6 -> #DIV/0! | AH6: =Y6-Y5 -> 0 | AI6: =Z6-Z5 -> 0 | AJ6: =AA6-AA5 -> 0 | AK6: =AB6-AB5 -> 0 | AL6: =AC6-AC5 -> 0 | AM6: =AD6-AD5 -> 0 | AN6: =AG6-AG5 -> #DIV/0!
B7: =C3 -> 王薇嘉 | C7: =E3 -> 64.9 | D7: =H3 -> 25.7 | E7: =K3 -> 16.7 | F7: =N3 -> 48.2 | G7: =Q3 -> 45.2 | H7: =T3 -> 35.3 | J7: 周前 | K7: =J6/7 -> 4.4285714 | AE7: =X6 -> 0 | AF7: =DATE(MID(X7,1,3)+1911,MID(X7,4,2),MID(X7,6,2)) -> #VALUE! | AG7: =1-(Y7-AD7)/Y7 -> #DIV/0! | AH7: =Y7-Y6 -> 0 | AI7: =Z7-Z6 -> 0 | AJ7: =AA7-AA6 -> 0 | AK7: =AB7-AB6 -> 0 | AL7: =AC7-AC6 -> 0 | AM7: =AD7-AD6 -> 0 | AN7: =AG7-AG6 -> #DIV/0!
A8: 低 | B8: Q2 | C8: =_xlfn.QUARTILE.INC(Y:Y,2) -> 64.9 | D8: =_xlfn.QUARTILE.INC(Z:Z,2) -> 26.8 | E8: =_xlfn.QUARTILE.INC(AA:AA,2) -> 17.4 | F8: =_xlfn.QUARTILE.INC(AB:AB,2) -> 47.5 | G8: =_xlfn.QUARTILE.INC(AC:AC,2) -> 44.55 | H8: =_xlfn.QUARTILE.INC(AD:AD,2) -> 34.8 | AE8: =X7 -> 0 | AF8: =DATE(MID(X8,1,3)+1911,MID(X8,4,2),MID(X8,6,2)) -> #VALUE! | AG8: =1-(Y8-AD8)/Y8 -> #DIV/0! | AH8: =Y8-Y7 -> 0 | AI8: =Z8-Z7 -> 0 | AJ8: =AA8-AA7 -> 0 | AK8: =AB8-AB7 -> 0 | AL8: =AC8-AC7 -> 0 | AM8: =AD8-AD7 -> 0 | AN8: =AG8-AG7 -> #DIV/0!
A9: 中等 | B9: Q3 | C9: =_xlfn.QUARTILE.INC(Y:Y,3) -> 64.9 | D9: =_xlfn.QUARTILE.INC(Z:Z,3) -> 27.35 | E9: =_xlfn.QUARTILE.INC(AA:AA,3) -> 17.75 | F9: =_xlfn.QUARTILE.INC(AB:AB,3) -> 47.85 | G9: =_xlfn.QUARTILE.INC(AC:AC,3) -> 44.875 | H9: =_xlfn.QUARTILE.INC(AD:AD,3) -> 35.05 | AE9: =X8 -> 0 | AF9: =DATE(MID(X9,1,3)+1911,MID(X9,4,2),MID(X9,6,2)) -> #VALUE! | AG9: =1-(Y9-AD9)/Y9 -> #DIV/0! | AH9: =Y9-Y8 -> 0 | AI9: =Z9-Z8 -> 0 | AJ9: =AA9-AA8 -> 0 | AK9: =AB9-AB8 -> 0 | AL9: =AC9-AC8 -> 0 | AM9: =AD9-AD8 -> 0 | AN9: =AG9-AG8 -> #DIV/0!
A10: 高 | B10: Q4 | C10: =_xlfn.QUARTILE.INC(Y:Y,4) -> 64.9 | D10: =_xlfn.QUARTILE.INC(Z:Z,4) -> 27.9 | E10: =_xlfn.QUARTILE.INC(AA:AA,4) -> 18.1 | F10: =_xlfn.QUARTILE.INC(AB:AB,4) -> 48.2 | G10: =_xlfn.QUARTILE.INC(AC:AC,4) -> 45.2 | H10: =_xlfn.QUARTILE.INC(AD:AD,4) -> 35.3 | AE10: =X9 -> 0 | AF10: =DATE(MID(X10,1,3)+1911,MID(X10,4,2),MID(X10,6,2)) -> #VALUE! | AG10: =1-(Y10-AD10)/Y10 -> #DIV/0! | AH10: =Y10-Y9 -> 0 | AI10: =Z10-Z9 -> 0 | AJ10: =AA10-AA9 -> 0 | AK10: =AB10-AB9 -> 0 | AL10: =AC10-AC9 -> 0 | AM10: =AD10-AD9 -> 0 | AN10: =AG10-AG9 -> #DIV/0!
AE11: =X10 -> 0 | AF11: =DATE(MID(X11,1,3)+1911,MID(X11,4,2),MID(X11,6,2)) -> #VALUE! | AG11: =1-(Y11-AD11)/Y11 -> #DIV/0! | AH11: =Y11-Y10 -> 0 | AI11: =Z11-Z10 -> 0 | AJ11: =AA11-AA10 -> 0 | AK11: =AB11-AB10 -> 0 | AL11: =AC11-AC10 -> 0 | AM11: =AD11-AD10 -> 0 | AN11: =AG11-AG10 -> #DIV/0!
C12: 體重 | D12: 體脂率 | E12: 脂肪重 | F12: 去脂重 | G12: 肌肉重 | H12: 水份kg | I12: 水份% | AE12: =X11 -> 0 | AF12: =DATE(MID(X12,1,3)+1911,MID(X12,4,2),MID(X12,6,2)) -> #VALUE! | AG12: =1-(Y12-AD12)/Y12 -> #DIV/0! | AH12: =Y12-Y11 -> 0 | AI12: =Z12-Z11 -> 0 | AJ12: =AA12-AA11 -> 0 | AK12: =AB12-AB11 -> 0 | AL12: =AC12-AC11 -> 0 | AM12: =AD12-AD11 -> 0 | AN12: =AG12-AG11 -> #DIV/0!
